billingDocument,billingDocumentItem,material,billingQuantity,billingQuantityUnit,netAmount,transactionCurrency_item,referenceSdDocument,referenceSdDocumentItem,billingDocumentType,creationDate,lastChangeDateTime,billingDocumentDate,billingDocumentIsCancelled,cancelledBillingDocument,totalNetAmount,transactionCurrency_header,companyCode,fiscalYear,accountingDocument,soldToParty,creationTime_hours,creationTime_minutes,creationTime_seconds,creationTime_formatted
90504298,10,B8907367041603,1,PC,533.05,INR,80738109,10,F2,2025-04-03 00:00:00+00:00,2025-07-24 11:42:28.840000+00:00,2025-04-02 00:00:00+00:00,True,,533.05,INR,ABCD,2025,9400000299,320000083,11,31,13,11:31:13
90678703,10,B8907367032571,1,PC,305.9,INR,80754606,10,F2,2025-05-16 00:00:00+00:00,2025-07-24 11:42:22.056000+00:00,2025-05-16 00:00:00+00:00,True,,589.95,INR,ABCD,2025,9400172480,320000082,10,10,18,10:10:18
90678698,10,B8907367022152,1,PC,382.9,INR,80754601,10,F2,2025-05-16 00:00:00+00:00,2025-07-24 11:42:22.505000+00:00,2025-05-16 00:00:00+00:00,True,,382.9,INR,ABCD,2025,9400172475,320000082,10,10,18,10:10:18
90504301,10,B8907367039570,1,PC,1091.53,INR,80738111,10,F2,2025-04-03 00:00:00+00:00,2025-07-24 11:42:28.635000+00:00,2025-04-02 00:00:00+00:00,True,,1091.53,INR,ABCD,2025,9400000302,320000083,11,31,13,11:31:13
90678702,10,S8907367008620,1,PC,299.0,INR,80754605,10,F2,2025-05-16 00:00:00+00:00,2025-07-24 11:42:22.144000+00:00,2025-05-16 00:00:00+00:00,True,,299.0,INR,ABCD,2025,9400172479,320000082,10,10,18,10:10:18
90678703,30,S8907367008620,1,PC,284.05,INR,80754606,30,F2,2025-05-16 00:00:00+00:00,2025-07-24 11:42:22.056000+00:00,2025-05-16 00:00:00+00:00,True,,589.95,INR,ABCD,2025,9400172480,320000082,10,10,18,10:10:18
90628266,10,S8907367002512,1,PC,287.9,INR,80754576,10,F2,2025-05-09 00:00:00+00:00,2025-05-09 07:21:26.695000+00:00,2025-04-30 00:00:00+00:00,False,,287.9,INR,ABCD,2025,9400123663,320000082,7,21,19,07:21:19
90628265,10,S8907367013532,1,PC,245.9,INR,80754575,10,F2,2025-05-09 00:00:00+00:00,2025-05-09 07:21:26.332000+00:00,2025-04-30 00:00:00+00:00,False,,245.9,INR,ABCD,2025,9400123662,320000082,7,21,19,07:21:19
90678700,10,S8907367013532,1,PC,245.9,INR,80754603,10,F2,2025-05-16 00:00:00+00:00,2025-07-24 11:42:22.315000+00:00,2025-05-16 00:00:00+00:00,True,,245.9,INR,ABCD,2025,9400172477,320000082,10,10,18,10:10:18
90678699,10,S8907367025344,1,PC,179.0,INR,80754602,10,F2,2025-05-16 00:00:00+00:00,2025-07-24 11:42:22.402000+00:00,2025-05-16 00:00:00+00:00,True,,179.0,INR,ABCD,2025,9400172476,320000082,10,10,18,10:10:18
90678696,10,S8907367013587,1,PC,167.0,INR,80754574,10,F2,2025-05-16 00:00:00+00:00,2025-07-24 11:42:22.684000+00:00,2025-05-16 00:00:00+00:00,True,,167.0,INR,ABCD,2025,9400172473,320000082,10,10,18,10:10:18
90678698,20,S8907367011866,2,PC,0.0,INR,80754601,20,F2,2025-05-16 00:00:00+00:00,2025-07-24 11:42:22.505000+00:00,2025-05-16 00:00:00+00:00,True,,382.9,INR,ABCD,2025,9400172475,320000082,10,10,18,10:10:18
90678703,20,S8907367025412,2,PC,0.0,INR,80754606,20,F2,2025-05-16 00:00:00+00:00,2025-07-24 11:42:22.056000+00:00,2025-05-16 00:00:00+00:00,True,,589.95,INR,ABCD,2025,9400172480,320000082,10,10,18,10:10:18
90504279,20,S8907367013082,2,PC,0.0,INR,80738094,20,F2,2025-04-03 00:00:00+00:00,2025-07-24 11:42:30.190000+00:00,2025-04-02 00:00:00+00:00,True,,327.97,INR,ABCD,2025,9400000280,320000083,11,31,13,11:31:13
90504279,10,B8907367032649,1,PC,327.97,INR,80738094,10,F2,2025-04-03 00:00:00+00:00,2025-07-24 11:42:30.190000+00:00,2025-04-02 00:00:00+00:00,True,,327.97,INR,ABCD,2025,9400000280,320000083,11,31,13,11:31:13
91150083,10,B8907367032571,1,PC,305.9,INR,80754606,10,S1,2025-07-24 00:00:00+00:00,2025-07-24 11:42:07+00:00,2025-05-16 00:00:00+00:00,False,90678703,589.95,INR,ABCD,2025,9400635854,320000082,11,42,7,11:42:07
91150083,20,S8907367025412,2,PC,0.0,INR,80754606,20,S1,2025-07-24 00:00:00+00:00,2025-07-24 11:42:07+00:00,2025-05-16 00:00:00+00:00,False,90678703,589.95,INR,ABCD,2025,9400635854,320000082,11,42,7,11:42:07
91150083,30,S8907367008620,1,PC,284.05,INR,80754606,30,S1,2025-07-24 00:00:00+00:00,2025-07-24 11:42:07+00:00,2025-05-16 00:00:00+00:00,False,90678703,589.95,INR,ABCD,2025,9400635854,320000082,11,42,7,11:42:07
91150084,10,S8907367008620,1,PC,299.0,INR,80754605,10,S1,2025-07-24 00:00:00+00:00,2025-07-24 11:42:07+00:00,2025-05-16 00:00:00+00:00,False,90678702,299.0,INR,ABCD,2025,9400635855,320000082,11,42,7,11:42:07
91150085,10,S8907367004448,1,PC,254.0,INR,80754604,10,S1,2025-07-24 00:00:00+00:00,2025-07-24 11:42:07+00:00,2025-05-16 00:00:00+00:00,False,90678701,254.0,INR,ABCD,2025,9400635856,320000082,11,42,7,11:42:07
91150086,10,S8907367013532,1,PC,245.9,INR,80754603,10,S1,2025-07-24 00:00:00+00:00,2025-07-24 11:42:07+00:00,2025-05-16 00:00:00+00:00,False,90678700,245.9,INR,ABCD,2025,9400635857,320000082,11,42,7,11:42:07
91150087,10,S8907367025344,1,PC,179.0,INR,80754602,10,S1,2025-07-24 00:00:00+00:00,2025-07-24 11:42:07+00:00,2025-05-16 00:00:00+00:00,False,90678699,179.0,INR,ABCD,2025,9400635858,320000082,11,42,7,11:42:07
91150088,10,B8907367022152,1,PC,382.9,INR,80754601,10,S1,2025-07-24 00:00:00+00:00,2025-07-24 11:42:07+00:00,2025-05-16 00:00:00+00:00,False,90678698,382.9,INR,ABCD,2025,9400635859,320000082,11,42,7,11:42:07
91150088,20,S8907367011866,2,PC,0.0,INR,80754601,20,S1,2025-07-24 00:00:00+00:00,2025-07-24 11:42:07+00:00,2025-05-16 00:00:00+00:00,False,90678698,382.9,INR,ABCD,2025,9400635859,320000082,11,42,7,11:42:07
91150090,10,S8907367013587,1,PC,167.0,INR,80754574,10,S1,2025-07-24 00:00:00+00:00,2025-07-24 11:42:07+00:00,2025-05-16 00:00:00+00:00,False,90678696,167.0,INR,ABCD,2025,9400635861,320000082,11,42,7,11:42:07
91150147,10,B8907367039570,1,PC,1091.53,INR,80738111,10,S1,2025-07-24 00:00:00+00:00,2025-07-24 11:42:07+00:00,2025-04-02 00:00:00+00:00,False,90504301,1091.53,INR,ABCD,2025,9400635918,320000083,11,42,7,11:42:07
91150147,20,S8907367015277,1,PC,0.0,INR,80738111,20,S1,2025-07-24 00:00:00+00:00,2025-07-24 11:42:07+00:00,2025-04-02 00:00:00+00:00,False,90504301,1091.53,INR,ABCD,2025,9400635918,320000083,11,42,7,11:42:07
91150147,30,S8907367020035,1,PC,0.0,INR,80738111,30,S1,2025-07-24 00:00:00+00:00,2025-07-24 11:42:07+00:00,2025-04-02 00:00:00+00:00,False,90504301,1091.53,INR,ABCD,2025,9400635918,320000083,11,42,7,11:42:07
91150147,40,S8907367020042,1,PC,0.0,INR,80738111,40,S1,2025-07-24 00:00:00+00:00,2025-07-24 11:42:07+00:00,2025-04-02 00:00:00+00:00,False,90504301,1091.53,INR,ABCD,2025,9400635918,320000083,11,42,7,11:42:07
91150148,10,S8907367042006,1,PC,464.41,INR,80738110,10,S1,2025-07-24 00:00:00+00:00,2025-07-24 11:42:07+00:00,2025-04-02 00:00:00+00:00,False,90504300,464.41,INR,ABCD,2025,9400635919,320000083,11,42,7,11:42:07
91150149,10,B8907367041603,1,PC,533.05,INR,80738109,10,S1,2025-07-24 00:00:00+00:00,2025-07-24 11:42:07+00:00,2025-04-02 00:00:00+00:00,False,90504298,533.05,INR,ABCD,2025,9400635920,320000083,11,42,7,11:42:07
91150149,20,S8907367016144,1,PC,0.0,INR,80738109,20,S1,2025-07-24 00:00:00+00:00,2025-07-24 11:42:07+00:00,2025-04-02 00:00:00+00:00,False,90504298,533.05,INR,ABCD,2025,9400635920,320000083,11,42,7,11:42:07
91150149,30,S8907367029021,1,PC,0.0,INR,80738109,30,S1,2025-07-24 00:00:00+00:00,2025-07-24 11:42:07+00:00,2025-04-02 00:00:00+00:00,False,90504298,533.05,INR,ABCD,2025,9400635920,320000083,11,42,7,11:42:07
91150149,40,S8907367010814,1,PC,0.0,INR,80738109,40,S1,2025-07-24 00:00:00+00:00,2025-07-24 11:42:07+00:00,2025-04-02 00:00:00+00:00,False,90504298,533.05,INR,ABCD,2025,9400635920,320000083,11,42,7,11:42:07
91150150,10,S8907367002512,1,PC,215.25,INR,80738108,10,S1,2025-07-24 00:00:00+00:00,2025-07-24 11:42:07+00:00,2025-04-02 00:00:00+00:00,False,90504297,215.25,INR,ABCD,2025,9400635921,320000083,11,42,7,11:42:07
91150151,10,S8907367020035,1,PC,634.75,INR,80738107,10,S1,2025-07-24 00:00:00+00:00,2025-07-24 11:42:07+00:00,2025-04-02 00:00:00+00:00,False,90504296,634.75,INR,ABCD,2025,9400635922,320000083,11,42,7,11:42:07
91150152,10,S8907367042006,1,PC,464.41,INR,80738106,10,S1,2025-07-24 00:00:00+00:00,2025-07-24 11:42:07+00:00,2025-04-02 00:00:00+00:00,False,90504295,464.41,INR,ABCD,2025,9400635923,320000083,11,42,7,11:42:07
91150153,10,S8907367042006,1,PC,464.41,INR,80738105,10,S1,2025-07-24 00:00:00+00:00,2025-07-24 11:42:07+00:00,2025-04-02 00:00:00+00:00,False,90504293,464.41,INR,ABCD,2025,9400635924,320000083,11,42,7,11:42:07
91150154,10,S8907367031635,1,PC,422.03,INR,80738104,10,S1,2025-07-24 00:00:00+00:00,2025-07-24 11:42:07+00:00,2025-04-02 00:00:00+00:00,False,90504292,422.03,INR,ABCD,2025,9400635925,320000083,11,42,7,11:42:07
91150155,10,S8907367001003,1,PC,216.1,INR,80738103,10,S1,2025-07-24 00:00:00+00:00,2025-07-24 11:42:07+00:00,2025-04-02 00:00:00+00:00,False,90504290,216.1,INR,ABCD,2025,9400635926,320000083,11,42,7,11:42:07
91150156,10,S8907367001003,1,PC,216.1,INR,80738102,10,S1,2025-07-24 00:00:00+00:00,2025-07-24 11:42:07+00:00,2025-04-02 00:00:00+00:00,False,90504289,216.1,INR,ABCD,2025,9400635927,320000083,11,42,7,11:42:07
91150157,10,S8907367002499,1,PC,205.93,INR,80738101,10,S1,2025-07-24 00:00:00+00:00,2025-07-24 11:42:07+00:00,2025-04-02 00:00:00+00:00,False,90504288,205.93,INR,ABCD,2025,9400635928,320000083,11,42,7,11:42:07
91150158,10,S8907367042006,1,PC,464.41,INR,80738100,10,S1,2025-07-24 00:00:00+00:00,2025-07-24 11:42:07+00:00,2025-04-02 00:00:00+00:00,False,90504286,464.41,INR,ABCD,2025,9400635929,320000083,11,42,7,11:42:07
91150159,10,S8907367042006,1,PC,464.41,INR,80738099,10,S1,2025-07-24 00:00:00+00:00,2025-07-24 11:42:07+00:00,2025-04-02 00:00:00+00:00,False,90504285,464.41,INR,ABCD,2025,9400635930,320000083,11,42,7,11:42:07
91150160,10,S8907367042006,1,PC,464.41,INR,80738098,10,S1,2025-07-24 00:00:00+00:00,2025-07-24 11:42:07+00:00,2025-04-02 00:00:00+00:00,False,90504284,464.41,INR,ABCD,2025,9400635931,320000083,11,42,7,11:42:07
91150161,10,S8907367042006,1,PC,464.41,INR,80738097,10,S1,2025-07-24 00:00:00+00:00,2025-07-24 11:42:07+00:00,2025-04-02 00:00:00+00:00,False,90504283,464.41,INR,ABCD,2025,9400635932,320000083,11,42,7,11:42:07
91150162,10,S8907367039303,1,PC,473.73,INR,80738096,10,S1,2025-07-24 00:00:00+00:00,2025-07-24 11:42:07+00:00,2025-04-02 00:00:00+00:00,False,90504281,473.73,INR,ABCD,2025,9400635933,320000083,11,42,7,11:42:07
91150163,10,S8907367003311,1,PC,215.25,INR,80738095,10,S1,2025-07-24 00:00:00+00:00,2025-07-24 11:42:07+00:00,2025-04-02 00:00:00+00:00,False,90504280,215.25,INR,ABCD,2025,9400635934,320000083,11,42,7,11:42:07
91150164,10,B8907367032649,1,PC,327.97,INR,80738094,10,S1,2025-07-24 00:00:00+00:00,2025-07-24 11:42:07+00:00,2025-04-02 00:00:00+00:00,False,90504279,327.97,INR,ABCD,2025,9400635935,320000083,11,42,7,11:42:07
91150164,20,S8907367013082,2,PC,0.0,INR,80738094,20,S1,2025-07-24 00:00:00+00:00,2025-07-24 11:42:07+00:00,2025-04-02 00:00:00+00:00,False,90504279,327.97,INR,ABCD,2025,9400635935,320000083,11,42,7,11:42:07
91150165,10,S8907367041993,1,PC,401.74,INR,80738093,10,S1,2025-07-24 00:00:00+00:00,2025-07-24 11:42:07+00:00,2025-04-02 00:00:00+00:00,False,90504277,842.93,INR,ABCD,2025,9400635936,320000083,11,42,7,11:42:07
91150165,20,S8907367042006,1,PC,441.19,INR,80738093,20,S1,2025-07-24 00:00:00+00:00,2025-07-24 11:42:07+00:00,2025-04-02 00:00:00+00:00,False,90504277,842.93,INR,ABCD,2025,9400635936,320000083,11,42,7,11:42:07
91150166,10,S8907367003311,1,PC,215.25,INR,80738092,10,S1,2025-07-24 00:00:00+00:00,2025-07-24 11:42:07+00:00,2025-04-02 00:00:00+00:00,False,90504276,215.25,INR,ABCD,2025,9400635937,320000083,11,42,7,11:42:07
91150167,10,S8907367003380,1,PC,253.39,INR,80738091,10,S1,2025-07-24 00:00:00+00:00,2025-07-24 11:42:07+00:00,2025-04-02 00:00:00+00:00,False,90504274,253.39,INR,ABCD,2025,9400635938,320000083,11,42,7,11:42:07
91150168,10,S8907367035664,1,PC,422.03,INR,80738090,10,S1,2025-07-24 00:00:00+00:00,2025-07-24 11:42:07+00:00,2025-04-02 00:00:00+00:00,False,90504273,422.03,INR,ABCD,2025,9400635939,320000083,11,42,7,11:42:07
91150169,10,S8907367035664,1,PC,422.03,INR,80738089,10,S1,2025-07-24 00:00:00+00:00,2025-07-24 11:42:07+00:00,2025-04-02 00:00:00+00:00,False,90504272,422.03,INR,ABCD,2025,9400635940,320000083,11,42,7,11:42:07
91150170,10,S8907367035664,1,PC,455.93,INR,80738088,10,S1,2025-07-24 00:00:00+00:00,2025-07-24 11:42:07+00:00,2025-04-02 00:00:00+00:00,False,90504270,455.93,INR,ABCD,2025,9400635941,320000083,11,42,7,11:42:07
91150171,10,S8907367014867,1,PC,191.53,INR,80738087,10,S1,2025-07-24 00:00:00+00:00,2025-07-24 11:42:07+00:00,2025-04-02 00:00:00+00:00,False,90504269,191.53,INR,ABCD,2025,9400635942,320000083,11,42,7,11:42:07
91150172,10,S8907367010814,1,PC,337.29,INR,80738086,10,S1,2025-07-24 00:00:00+00:00,2025-07-24 11:42:07+00:00,2025-04-02 00:00:00+00:00,False,90504267,337.29,INR,ABCD,2025,9400635943,320000083,11,42,7,11:42:07
90504248,10,S8907367001003,1,PC,216.1,INR,80738072,10,F2,2025-04-03 00:00:00+00:00,2025-04-03 11:31:37.331000+00:00,2025-04-02 00:00:00+00:00,False,,216.1,INR,ABCD,2025,9400000249,320000083,11,31,13,11:31:13
90504267,10,S8907367010814,1,PC,337.29,INR,80738086,10,F2,2025-04-03 00:00:00+00:00,2025-07-24 11:42:30.934000+00:00,2025-04-02 00:00:00+00:00,True,,337.29,INR,ABCD,2025,9400000268,320000083,11,31,13,11:31:13
90504269,10,S8907367014867,1,PC,191.53,INR,80738087,10,F2,2025-04-03 00:00:00+00:00,2025-07-24 11:42:30.844000+00:00,2025-04-02 00:00:00+00:00,True,,191.53,INR,ABCD,2025,9400000270,320000083,11,31,13,11:31:13
90504270,10,S8907367035664,1,PC,455.93,INR,80738088,10,F2,2025-04-03 00:00:00+00:00,2025-07-24 11:42:30.752000+00:00,2025-04-02 00:00:00+00:00,True,,455.93,INR,ABCD,2025,9400000271,320000083,11,31,13,11:31:13
90504272,10,S8907367035664,1,PC,422.03,INR,80738089,10,F2,2025-04-03 00:00:00+00:00,2025-07-24 11:42:30.662000+00:00,2025-04-02 00:00:00+00:00,True,,422.03,INR,ABCD,2025,9400000272,320000083,11,31,13,11:31:13
90504273,10,S8907367035664,1,PC,422.03,INR,80738090,10,F2,2025-04-03 00:00:00+00:00,2025-07-24 11:42:30.574000+00:00,2025-04-02 00:00:00+00:00,True,,422.03,INR,ABCD,2025,9400000274,320000083,11,31,13,11:31:13
90504274,10,S8907367003380,1,PC,253.39,INR,80738091,10,F2,2025-04-03 00:00:00+00:00,2025-07-24 11:42:30.485000+00:00,2025-04-02 00:00:00+00:00,True,,253.39,INR,ABCD,2025,9400000275,320000083,11,31,13,11:31:13
90504276,10,S8907367003311,1,PC,215.25,INR,80738092,10,F2,2025-04-03 00:00:00+00:00,2025-07-24 11:42:30.392000+00:00,2025-04-02 00:00:00+00:00,True,,215.25,INR,ABCD,2025,9400000277,320000083,11,31,13,11:31:13
90504277,10,S8907367041993,1,PC,401.74,INR,80738093,10,F2,2025-04-03 00:00:00+00:00,2025-07-24 11:42:30.295000+00:00,2025-04-02 00:00:00+00:00,True,,842.93,INR,ABCD,2025,9400000278,320000083,11,31,13,11:31:13
90504277,20,S8907367042006,1,PC,441.19,INR,80738093,20,F2,2025-04-03 00:00:00+00:00,2025-07-24 11:42:30.295000+00:00,2025-04-02 00:00:00+00:00,True,,842.93,INR,ABCD,2025,9400000278,320000083,11,31,13,11:31:13
90504280,10,S8907367003311,1,PC,215.25,INR,80738095,10,F2,2025-04-03 00:00:00+00:00,2025-07-24 11:42:30.085000+00:00,2025-04-02 00:00:00+00:00,True,,215.25,INR,ABCD,2025,9400000281,320000083,11,31,13,11:31:13
90504281,10,S8907367039303,1,PC,473.73,INR,80738096,10,F2,2025-04-03 00:00:00+00:00,2025-07-24 11:42:29.996000+00:00,2025-04-02 00:00:00+00:00,True,,473.73,INR,ABCD,2025,9400000282,320000083,11,31,13,11:31:13
90504283,10,S8907367042006,1,PC,464.41,INR,80738097,10,F2,2025-04-03 00:00:00+00:00,2025-07-24 11:42:29.907000+00:00,2025-04-02 00:00:00+00:00,True,,464.41,INR,ABCD,2025,9400000284,320000083,11,31,13,11:31:13
90504284,10,S8907367042006,1,PC,464.41,INR,80738098,10,F2,2025-04-03 00:00:00+00:00,2025-07-24 11:42:29.817000+00:00,2025-04-02 00:00:00+00:00,True,,464.41,INR,ABCD,2025,9400000285,320000083,11,31,13,11:31:13
90504285,10,S8907367042006,1,PC,464.41,INR,80738099,10,F2,2025-04-03 00:00:00+00:00,2025-07-24 11:42:29.729000+00:00,2025-04-02 00:00:00+00:00,True,,464.41,INR,ABCD,2025,9400000286,320000083,11,31,13,11:31:13
90504286,10,S8907367042006,1,PC,464.41,INR,80738100,10,F2,2025-04-03 00:00:00+00:00,2025-07-24 11:42:29.638000+00:00,2025-04-02 00:00:00+00:00,True,,464.41,INR,ABCD,2025,9400000287,320000083,11,31,13,11:31:13
90504288,10,S8907367002499,1,PC,205.93,INR,80738101,10,F2,2025-04-03 00:00:00+00:00,2025-07-24 11:42:29.551000+00:00,2025-04-02 00:00:00+00:00,True,,205.93,INR,ABCD,2025,9400000289,320000083,11,31,13,11:31:13
90504289,10,S8907367001003,1,PC,216.1,INR,80738102,10,F2,2025-04-03 00:00:00+00:00,2025-07-24 11:42:29.465000+00:00,2025-04-02 00:00:00+00:00,True,,216.1,INR,ABCD,2025,9400000290,320000083,11,31,13,11:31:13
90504290,10,S8907367001003,1,PC,216.1,INR,80738103,10,F2,2025-04-03 00:00:00+00:00,2025-07-24 11:42:29.375000+00:00,2025-04-02 00:00:00+00:00,True,,216.1,INR,ABCD,2025,9400000291,320000083,11,31,13,11:31:13
90504292,10,S8907367031635,1,PC,422.03,INR,80738104,10,F2,2025-04-03 00:00:00+00:00,2025-07-24 11:42:29.284000+00:00,2025-04-02 00:00:00+00:00,True,,422.03,INR,ABCD,2025,9400000293,320000083,11,31,13,11:31:13
90504293,10,S8907367042006,1,PC,464.41,INR,80738105,10,F2,2025-04-03 00:00:00+00:00,2025-07-24 11:42:29.198000+00:00,2025-04-02 00:00:00+00:00,True,,464.41,INR,ABCD,2025,9400000294,320000083,11,31,13,11:31:13
90504295,10,S8907367042006,1,PC,464.41,INR,80738106,10,F2,2025-04-03 00:00:00+00:00,2025-07-24 11:42:29.107000+00:00,2025-04-02 00:00:00+00:00,True,,464.41,INR,ABCD,2025,9400000296,320000083,11,31,13,11:31:13
90504296,10,S8907367020035,1,PC,634.75,INR,80738107,10,F2,2025-04-03 00:00:00+00:00,2025-07-24 11:42:29.017000+00:00,2025-04-02 00:00:00+00:00,True,,634.75,INR,ABCD,2025,9400000297,320000083,11,31,13,11:31:13
90504297,10,S8907367002512,1,PC,215.25,INR,80738108,10,F2,2025-04-03 00:00:00+00:00,2025-07-24 11:42:28.928000+00:00,2025-04-02 00:00:00+00:00,True,,215.25,INR,ABCD,2025,9400000298,320000083,11,31,13,11:31:13
90504298,20,S8907367016144,1,PC,0.0,INR,80738109,20,F2,2025-04-03 00:00:00+00:00,2025-07-24 11:42:28.840000+00:00,2025-04-02 00:00:00+00:00,True,,533.05,INR,ABCD,2025,9400000299,320000083,11,31,13,11:31:13
90504298,30,S8907367029021,1,PC,0.0,INR,80738109,30,F2,2025-04-03 00:00:00+00:00,2025-07-24 11:42:28.840000+00:00,2025-04-02 00:00:00+00:00,True,,533.05,INR,ABCD,2025,9400000299,320000083,11,31,13,11:31:13
90504298,40,S8907367010814,1,PC,0.0,INR,80738109,40,F2,2025-04-03 00:00:00+00:00,2025-07-24 11:42:28.840000+00:00,2025-04-02 00:00:00+00:00,True,,533.05,INR,ABCD,2025,9400000299,320000083,11,31,13,11:31:13
90504300,10,S8907367042006,1,PC,464.41,INR,80738110,10,F2,2025-04-03 00:00:00+00:00,2025-07-24 11:42:28.725000+00:00,2025-04-02 00:00:00+00:00,True,,464.41,INR,ABCD,2025,9400000301,320000083,11,31,13,11:31:13
90504301,20,S8907367015277,1,PC,0.0,INR,80738111,20,F2,2025-04-03 00:00:00+00:00,2025-07-24 11:42:28.635000+00:00,2025-04-02 00:00:00+00:00,True,,1091.53,INR,ABCD,2025,9400000302,320000083,11,31,13,11:31:13
90504301,30,S8907367020035,1,PC,0.0,INR,80738111,30,F2,2025-04-03 00:00:00+00:00,2025-07-24 11:42:28.635000+00:00,2025-04-02 00:00:00+00:00,True,,1091.53,INR,ABCD,2025,9400000302,320000083,11,31,13,11:31:13
90504301,40,S8907367020042,1,PC,0.0,INR,80738111,40,F2,2025-04-03 00:00:00+00:00,2025-07-24 11:42:28.635000+00:00,2025-04-02 00:00:00+00:00,True,,1091.53,INR,ABCD,2025,9400000302,320000083,11,31,13,11:31:13
90678701,10,S8907367004448,1,PC,254.0,INR,80754604,10,F2,2025-05-16 00:00:00+00:00,2025-07-24 11:42:22.229000+00:00,2025-05-16 00:00:00+00:00,True,,254.0,INR,ABCD,2025,9400172478,320000082,10,10,18,10:10:18
90504204,10,S8907367013532,1,PC,229.66,INR,80738040,10,F2,2025-04-03 00:00:00+00:00,2025-07-24 11:42:35.364000+00:00,2025-04-02 00:00:00+00:00,True,,229.66,INR,ABCD,2025,9400000205,320000083,11,31,13,11:31:13
90504206,10,S8907367038122,1,PC,221.19,INR,80738041,10,F2,2025-04-03 00:00:00+00:00,2025-07-24 11:42:35.271000+00:00,2025-04-02 00:00:00+00:00,True,,221.19,INR,ABCD,2025,9400000206,320000083,11,31,13,11:31:13
90504207,10,S8907367001003,1,PC,250.0,INR,80738042,10,F2,2025-04-03 00:00:00+00:00,2025-07-24 11:42:35.172000+00:00,2025-04-02 00:00:00+00:00,True,,250.0,INR,ABCD,2025,9400000208,320000083,11,31,13,11:31:13
90504208,10,S8907367002512,1,PC,249.15,INR,80738043,10,F2,2025-04-03 00:00:00+00:00,2025-07-24 11:42:35.075000+00:00,2025-04-02 00:00:00+00:00,True,,249.15,INR,ABCD,2025,9400000209,320000083,11,31,13,11:31:13
90504210,10,S8907367039280,1,PC,363.56,INR,80738044,10,F2,2025-04-03 00:00:00+00:00,2025-07-24 11:42:34.987000+00:00,2025-04-02 00:00:00+00:00,True,,363.56,INR,ABCD,2025,9400000211,320000083,11,31,13,11:31:13
90504211,10,S8907367039280,1,PC,363.56,INR,80738045,10,F2,2025-04-03 00:00:00+00:00,2025-07-24 11:42:34.897000+00:00,2025-04-02 00:00:00+00:00,True,,363.56,INR,ABCD,2025,9400000212,320000083,11,31,13,11:31:13
90504212,10,S8907367039280,1,PC,363.56,INR,80738046,10,F2,2025-04-03 00:00:00+00:00,2025-07-24 11:42:34.807000+00:00,2025-04-02 00:00:00+00:00,True,,363.56,INR,ABCD,2025,9400000213,320000083,11,31,13,11:31:13
90504215,10,S8907367039280,1,PC,363.56,INR,80738048,10,F2,2025-04-03 00:00:00+00:00,2025-07-24 11:42:34.608000+00:00,2025-04-02 00:00:00+00:00,True,,363.56,INR,ABCD,2025,9400000216,320000083,11,31,13,11:31:13
90504217,10,S8907367039280,1,PC,363.56,INR,80738049,10,F2,2025-04-03 00:00:00+00:00,2025-07-24 11:42:34.514000+00:00,2025-04-02 00:00:00+00:00,True,,363.56,INR,ABCD,2025,9400000218,320000083,11,31,13,11:31:13
90504218,10,S8907367039280,1,PC,329.66,INR,80738050,10,F2,2025-04-03 00:00:00+00:00,2025-07-24 11:42:34.417000+00:00,2025-04-02 00:00:00+00:00,True,,329.66,INR,ABCD,2025,9400000219,320000083,11,31,13,11:31:13
90504219,10,S8907367008620,1,PC,253.39,INR,80738051,10,F2,2025-04-03 00:00:00+00:00,2025-07-24 11:42:34.318000+00:00,2025-04-02 00:00:00+00:00,True,,253.39,INR,ABCD,2025,9400000220,320000083,11,31,13,11:31:13
90504221,10,S8907367039280,1,PC,363.56,INR,80738052,10,F2,2025-04-03 00:00:00+00:00,2025-07-24 11:42:34.223000+00:00,2025-04-02 00:00:00+00:00,True,,363.56,INR,ABCD,2025,9400000222,320000083,11,31,13,11:31:13
90504222,10,S8907367039280,1,PC,329.66,INR,80738053,10,F2,2025-04-03 00:00:00+00:00,2025-07-24 11:42:34.133000+00:00,2025-04-02 00:00:00+00:00,True,,329.66,INR,ABCD,2025,9400000223,320000083,11,31,13,11:31:13
90504223,10,S8907367039280,1,PC,363.56,INR,80738054,10,F2,2025-04-03 00:00:00+00:00,2025-07-24 11:42:34.037000+00:00,2025-04-02 00:00:00+00:00,True,,363.56,INR,ABCD,2025,9400000224,320000083,11,31,13,11:31:13
90504225,10,S8907367008620,1,PC,253.39,INR,80738055,10,F2,2025-04-03 00:00:00+00:00,2025-07-24 11:42:33.946000+00:00,2025-04-02 00:00:00+00:00,True,,253.39,INR,ABCD,2025,9400000226,320000083,11,31,13,11:31:13
90504226,10,S8907367002512,1,PC,215.25,INR,80738056,10,F2,2025-04-03 00:00:00+00:00,2025-07-24 11:42:33.857000+00:00,2025-04-02 00:00:00+00:00,True,,215.25,INR,ABCD,2025,9400000227,320000083,11,31,13,11:31:13
90504227,10,S8907367025344,1,PC,185.59,INR,80738057,10,F2,2025-04-03 00:00:00+00:00,2025-07-24 11:42:33.768000+00:00,2025-04-02 00:00:00+00:00,True,,185.59,INR,ABCD,2025,9400000228,320000083,11,31,13,11:31:13
90504228,10,S8907367038108,1,PC,208.52,INR,80738058,10,F2,2025-04-03 00:00:00+00:00,2025-07-24 11:42:33.674000+00:00,2025-04-02 00:00:00+00:00,True,,449.24,INR,ABCD,2025,9400000229,320000083,11,31,13,11:31:13
90504228,20,S8907367008620,1,PC,240.72,INR,80738058,20,F2,2025-04-03 00:00:00+00:00,2025-07-24 11:42:33.674000+00:00,2025-04-02 00:00:00+00:00,True,,449.24,INR,ABCD,2025,9400000229,320000083,11,31,13,11:31:13
90504230,10,S8907367008620,1,PC,253.39,INR,80738059,10,F2,2025-04-03 00:00:00+00:00,2025-07-24 11:42:33.573000+00:00,2025-04-02 00:00:00+00:00,True,,253.39,INR,ABCD,2025,9400000231,320000083,11,31,13,11:31:13
90504231,10,S8907367001003,1,PC,216.1,INR,80738060,10,F2,2025-04-03 00:00:00+00:00,2025-07-24 11:42:33.475000+00:00,2025-04-02 00:00:00+00:00,True,,216.1,INR,ABCD,2025,9400000232,320000083,11,31,13,11:31:13
90504232,10,S8907367013532,1,PC,179.66,INR,80738061,10,F2,2025-04-03 00:00:00+00:00,2025-07-24 11:42:33.379000+00:00,2025-04-02 00:00:00+00:00,True,,179.66,INR,ABCD,2025,9400000233,320000083,11,31,13,11:31:13
90504234,10,S8907367004448,1,PC,215.25,INR,80738062,10,F2,2025-04-03 00:00:00+00:00,2025-07-24 11:42:33.288000+00:00,2025-04-02 00:00:00+00:00,True,,215.25,INR,ABCD,2025,9400000235,320000083,11,31,13,11:31:13
90504237,10,S8907367028192,1,PC,168.64,INR,80738064,10,F2,2025-04-03 00:00:00+00:00,2025-07-24 11:42:33.103000+00:00,2025-04-02 00:00:00+00:00,True,,168.64,INR,ABCD,2025,9400000238,320000083,11,31,13,11:31:13
90504238,10,S8907367008620,1,PC,287.29,INR,80738065,10,F2,2025-04-03 00:00:00+00:00,2025-07-24 11:42:33.011000+00:00,2025-04-02 00:00:00+00:00,True,,287.29,INR,ABCD,2025,9400000239,320000083,11,31,13,11:31:13
90504239,10,S8907367008620,1,PC,253.39,INR,80738066,10,F2,2025-04-03 00:00:00+00:00,2025-07-24 11:42:32.921000+00:00,2025-04-02 00:00:00+00:00,True,,253.39,INR,ABCD,2025,9400000240,320000083,11,31,13,11:31:13
90504241,10,S8907367013532,1,PC,180.34,INR,80738067,10,F2,2025-04-03 00:00:00+00:00,2025-07-24 11:42:32.831000+00:00,2025-04-02 00:00:00+00:00,True,,180.34,INR,ABCD,2025,9400000241,320000083,11,31,13,11:31:13
90504242,10,S8907367025344,1,PC,151.69,INR,80738068,10,F2,2025-04-03 00:00:00+00:00,2025-07-24 11:42:32.739000+00:00,2025-04-02 00:00:00+00:00,True,,151.69,INR,ABCD,2025,9400000243,320000083,11,31,13,11:31:13
90504243,20,S8907367001836,1,PC,0.0,INR,80738069,20,F2,2025-04-03 00:00:00+00:00,2025-07-24 11:42:32.641000+00:00,2025-04-02 00:00:00+00:00,True,,2033.65,INR,ABCD,2025,9400000244,320000083,11,31,13,11:31:13
90504243,30,S8907367001874,1,PC,0.0,INR,80738069,30,F2,2025-04-03 00:00:00+00:00,2025-07-24 11:42:32.641000+00:00,2025-04-02 00:00:00+00:00,True,,2033.65,INR,ABCD,2025,9400000244,320000083,11,31,13,11:31:13
90504243,40,3001468,1,PC,0.0,INR,80738069,40,F2,2025-04-03 00:00:00+00:00,2025-07-24 11:42:32.641000+00:00,2025-04-02 00:00:00+00:00,True,,2033.65,INR,ABCD,2025,9400000244,320000083,11,31,13,11:31:13
90504243,50,S8907367001850,1,PC,0.0,INR,80738069,50,F2,2025-04-03 00:00:00+00:00,2025-07-24 11:42:32.641000+00:00,2025-04-02 00:00:00+00:00,True,,2033.65,INR,ABCD,2025,9400000244,320000083,11,31,13,11:31:13
90504243,60,S8907367001843,1,PC,0.0,INR,80738069,60,F2,2025-04-03 00:00:00+00:00,2025-07-24 11:42:32.641000+00:00,2025-04-02 00:00:00+00:00,True,,2033.65,INR,ABCD,2025,9400000244,320000083,11,31,13,11:31:13
90504243,70,3001456,1,PC,0.0,INR,80738069,70,F2,2025-04-03 00:00:00+00:00,2025-07-24 11:42:32.641000+00:00,2025-04-02 00:00:00+00:00,True,,2033.65,INR,ABCD,2025,9400000244,320000083,11,31,13,11:31:13
90504243,80,S8907367001867,1,PC,0.0,INR,80738069,80,F2,2025-04-03 00:00:00+00:00,2025-07-24 11:42:32.641000+00:00,2025-04-02 00:00:00+00:00,True,,2033.65,INR,ABCD,2025,9400000244,320000083,11,31,13,11:31:13
90504243,90,S8907367002550,1,PC,0.0,INR,80738069,90,F2,2025-04-03 00:00:00+00:00,2025-07-24 11:42:32.641000+00:00,2025-04-02 00:00:00+00:00,True,,2033.65,INR,ABCD,2025,9400000244,320000083,11,31,13,11:31:13
90504243,100,S8907367038108,1,PC,208.52,INR,80738069,100,F2,2025-04-03 00:00:00+00:00,2025-07-24 11:42:32.641000+00:00,2025-04-02 00:00:00+00:00,True,,2033.65,INR,ABCD,2025,9400000244,320000083,11,31,13,11:31:13
90504243,110,S8907367038122,1,PC,210.13,INR,80738069,110,F2,2025-04-03 00:00:00+00:00,2025-07-24 11:42:32.641000+00:00,2025-04-02 00:00:00+00:00,True,,2033.65,INR,ABCD,2025,9400000244,320000083,11,31,13,11:31:13
90504243,120,S8907367039280,1,PC,313.18,INR,80738069,120,F2,2025-04-03 00:00:00+00:00,2025-07-24 11:42:32.641000+00:00,2025-04-02 00:00:00+00:00,True,,2033.65,INR,ABCD,2025,9400000244,320000083,11,31,13,11:31:13
90504245,10,S8907367039280,1,PC,329.66,INR,80738070,10,F2,2025-04-03 00:00:00+00:00,2025-07-24 11:42:32.442000+00:00,2025-04-02 00:00:00+00:00,True,,329.66,INR,ABCD,2025,9400000246,320000083,11,31,13,11:31:13
90504246,10,S8907367038122,1,PC,221.19,INR,80738071,10,F2,2025-04-03 00:00:00+00:00,2025-07-24 11:42:32.352000+00:00,2025-04-02 00:00:00+00:00,True,,221.19,INR,ABCD,2025,9400000247,320000083,11,31,13,11:31:13
90504249,10,S8907367010814,1,PC,320.42,INR,80738073,10,F2,2025-04-03 00:00:00+00:00,2025-07-24 11:42:32.265000+00:00,2025-04-02 00:00:00+00:00,True,,561.14,INR,ABCD,2025,9400000250,320000083,11,31,13,11:31:13
90504249,20,S8907367008620,1,PC,240.72,INR,80738073,20,F2,2025-04-03 00:00:00+00:00,2025-07-24 11:42:32.265000+00:00,2025-04-02 00:00:00+00:00,True,,561.14,INR,ABCD,2025,9400000250,320000083,11,31,13,11:31:13
90504250,10,S8907367041993,1,PC,422.88,INR,80738074,10,F2,2025-04-03 00:00:00+00:00,2025-07-24 11:42:32.167000+00:00,2025-04-02 00:00:00+00:00,True,,422.88,INR,ABCD,2025,9400000251,320000083,11,31,13,11:31:13
90504252,20,S8907367013532,1,PC,0.0,INR,80738075,20,F2,2025-04-03 00:00:00+00:00,2025-07-24 11:42:32.075000+00:00,2025-04-02 00:00:00+00:00,True,,429.66,INR,ABCD,2025,9400000253,320000083,11,31,13,11:31:13
90504252,30,S8907367014447,1,PC,0.0,INR,80738075,30,F2,2025-04-03 00:00:00+00:00,2025-07-24 11:42:32.075000+00:00,2025-04-02 00:00:00+00:00,True,,429.66,INR,ABCD,2025,9400000253,320000083,11,31,13,11:31:13
90504253,20,S8907367035978,1,PC,0.0,INR,80738076,20,F2,2025-04-03 00:00:00+00:00,2025-07-24 11:42:31.961000+00:00,2025-04-02 00:00:00+00:00,True,,439.83,INR,ABCD,2025,9400000254,320000083,11,31,13,11:31:13
90504253,30,S8907367035992,1,PC,0.0,INR,80738076,30,F2,2025-04-03 00:00:00+00:00,2025-07-24 11:42:31.961000+00:00,2025-04-02 00:00:00+00:00,True,,439.83,INR,ABCD,2025,9400000254,320000083,11,31,13,11:31:13
90504253,40,S8907367035985,1,PC,0.0,INR,80738076,40,F2,2025-04-03 00:00:00+00:00,2025-07-24 11:42:31.961000+00:00,2025-04-02 00:00:00+00:00,True,,439.83,INR,ABCD,2025,9400000254,320000083,11,31,13,11:31:13
90504253,50,S8907367035961,1,PC,0.0,INR,80738076,50,F2,2025-04-03 00:00:00+00:00,2025-07-24 11:42:31.961000+00:00,2025-04-02 00:00:00+00:00,True,,439.83,INR,ABCD,2025,9400000254,320000083,11,31,13,11:31:13
90504255,20,S8907367035961,1,PC,0.0,INR,80738077,20,F2,2025-04-03 00:00:00+00:00,2025-07-24 11:42:31.837000+00:00,2025-04-02 00:00:00+00:00,True,,439.83,INR,ABCD,2025,9400000256,320000083,11,31,13,11:31:13
90504255,30,S8907367035978,1,PC,0.0,INR,80738077,30,F2,2025-04-03 00:00:00+00:00,2025-07-24 11:42:31.837000+00:00,2025-04-02 00:00:00+00:00,True,,439.83,INR,ABCD,2025,9400000256,320000083,11,31,13,11:31:13
90504255,40,S8907367035985,1,PC,0.0,INR,80738077,40,F2,2025-04-03 00:00:00+00:00,2025-07-24 11:42:31.837000+00:00,2025-04-02 00:00:00+00:00,True,,439.83,INR,ABCD,2025,9400000256,320000083,11,31,13,11:31:13
90504255,50,S8907367035992,1,PC,0.0,INR,80738077,50,F2,2025-04-03 00:00:00+00:00,2025-07-24 11:42:31.837000+00:00,2025-04-02 00:00:00+00:00,True,,439.83,INR,ABCD,2025,9400000256,320000083,11,31,13,11:31:13
90504256,10,S8907367013532,1,PC,179.66,INR,80738078,10,F2,2025-04-03 00:00:00+00:00,2025-07-24 11:42:31.710000+00:00,2025-04-02 00:00:00+00:00,True,,179.66,INR,ABCD,2025,9400000257,320000083,11,31,13,11:31:13
90504257,10,S8907367016144,1,PC,375.42,INR,80738079,10,F2,2025-04-03 00:00:00+00:00,2025-07-24 11:42:31.619000+00:00,2025-04-02 00:00:00+00:00,True,,375.42,INR,ABCD,2025,9400000258,320000083,11,31,13,11:31:13
90504259,10,S8907367008620,1,PC,253.39,INR,80738080,10,F2,2025-04-03 00:00:00+00:00,2025-07-24 11:42:31.530000+00:00,2025-04-02 00:00:00+00:00,True,,253.39,INR,ABCD,2025,9400000260,320000083,11,31,13,11:31:13
90504260,10,S8907367037156,1,PC,422.03,INR,80738081,10,F2,2025-04-03 00:00:00+00:00,2025-07-24 11:42:31.439000+00:00,2025-04-02 00:00:00+00:00,True,,422.03,INR,ABCD,2025,9400000261,320000083,11,31,13,11:31:13
90504262,10,S8907367003380,1,PC,240.72,INR,80738082,10,F2,2025-04-03 00:00:00+00:00,2025-07-24 11:42:31.347000+00:00,2025-04-02 00:00:00+00:00,True,,843.73,INR,ABCD,2025,9400000263,320000083,11,31,13,11:31:13
90504262,20,S8907367020035,1,PC,603.01,INR,80738082,20,F2,2025-04-03 00:00:00+00:00,2025-07-24 11:42:31.347000+00:00,2025-04-02 00:00:00+00:00,True,,843.73,INR,ABCD,2025,9400000263,320000083,11,31,13,11:31:13
90504265,20,S8907367010814,1,PC,0.0,INR,80738084,20,F2,2025-04-03 00:00:00+00:00,2025-07-24 11:42:31.157000+00:00,2025-04-02 00:00:00+00:00,True,,761.86,INR,ABCD,2025,9400000266,320000083,11,31,13,11:31:13
90504265,30,S8907367036722,1,PC,0.0,INR,80738084,30,F2,2025-04-03 00:00:00+00:00,2025-07-24 11:42:31.157000+00:00,2025-04-02 00:00:00+00:00,True,,761.86,INR,ABCD,2025,9400000266,320000083,11,31,13,11:31:13
90504265,40,S8907367029021,1,PC,0.0,INR,80738084,40,F2,2025-04-03 00:00:00+00:00,2025-07-24 11:42:31.157000+00:00,2025-04-02 00:00:00+00:00,True,,761.86,INR,ABCD,2025,9400000266,320000083,11,31,13,11:31:13
90504265,50,S8907367016144,1,PC,0.0,INR,80738084,50,F2,2025-04-03 00:00:00+00:00,2025-07-24 11:42:31.157000+00:00,2025-04-02 00:00:00+00:00,True,,761.86,INR,ABCD,2025,9400000266,320000083,11,31,13,11:31:13
90504265,60,S8907367029038,1,PC,0.0,INR,80738084,60,F2,2025-04-03 00:00:00+00:00,2025-07-24 11:42:31.157000+00:00,2025-04-02 00:00:00+00:00,True,,761.86,INR,ABCD,2025,9400000266,320000083,11,31,13,11:31:13
90504266,10,S8907367035664,1,PC,422.03,INR,80738085,10,F2,2025-04-03 00:00:00+00:00,2025-07-24 11:42:31.025000+00:00,2025-04-02 00:00:00+00:00,True,,422.03,INR,ABCD,2025,9400000267,320000083,11,31,13,11:31:13
90504376,10,S8907367038122,1,PC,221.19,INR,80737922,10,F2,2025-04-03 00:00:00+00:00,2025-07-24 11:42:25.012000+00:00,2025-04-02 00:00:00+00:00,True,,221.19,INR,ABCD,2025,9400000376,320000085,11,32,20,11:32:20
90504406,10,S8907367013532,1,PC,179.66,INR,80737921,10,F2,2025-04-03 00:00:00+00:00,2025-07-24 11:42:24.215000+00:00,2025-04-02 00:00:00+00:00,True,,179.66,INR,ABCD,2025,9400000406,320000088,11,32,32,11:32:32
90504253,10,B8907367037859,1,PC,439.83,INR,80738076,10,F2,2025-04-03 00:00:00+00:00,2025-07-24 11:42:31.961000+00:00,2025-04-02 00:00:00+00:00,True,,439.83,INR,ABCD,2025,9400000254,320000083,11,31,13,11:31:13
90504255,10,B8907367037859,1,PC,439.83,INR,80738077,10,F2,2025-04-03 00:00:00+00:00,2025-07-24 11:42:31.837000+00:00,2025-04-02 00:00:00+00:00,True,,439.83,INR,ABCD,2025,9400000256,320000083,11,31,13,11:31:13
90504265,10,B8907367037842,1,PC,761.86,INR,80738084,10,F2,2025-04-03 00:00:00+00:00,2025-07-24 11:42:31.157000+00:00,2025-04-02 00:00:00+00:00,True,,761.86,INR,ABCD,2025,9400000266,320000083,11,31,13,11:31:13
90504252,10,B8907367015697,1,PC,429.66,INR,80738075,10,F2,2025-04-03 00:00:00+00:00,2025-07-24 11:42:32.075000+00:00,2025-04-02 00:00:00+00:00,True,,429.66,INR,ABCD,2025,9400000253,320000083,11,31,13,11:31:13
90504243,10,B8907367002246,1,PC,1301.82,INR,80738069,10,F2,2025-04-03 00:00:00+00:00,2025-07-24 11:42:32.641000+00:00,2025-04-02 00:00:00+00:00,True,,2033.65,INR,ABCD,2025,9400000244,320000083,11,31,13,11:31:13
90504214,10,B8907367032571,1,PC,272.88,INR,80738047,10,F2,2025-04-03 00:00:00+00:00,2025-07-24 11:42:34.715000+00:00,2025-04-02 00:00:00+00:00,True,,272.88,INR,ABCD,2025,9400000215,320000083,11,31,13,11:31:13
90504263,10,S8907367008620,2,PC,481.44,INR,80738083,10,F2,2025-04-03 00:00:00+00:00,2025-07-24 11:42:31.247000+00:00,2025-04-02 00:00:00+00:00,True,,481.44,INR,ABCD,2025,9400000264,320000083,11,31,13,11:31:13
90504214,20,S8907367025412,2,PC,0.0,INR,80738047,20,F2,2025-04-03 00:00:00+00:00,2025-07-24 11:42:34.715000+00:00,2025-04-02 00:00:00+00:00,True,,272.88,INR,ABCD,2025,9400000215,320000083,11,31,13,11:31:13
90504235,10,S8907367026433,2,PC,310.76,INR,80738063,10,F2,2025-04-03 00:00:00+00:00,2025-07-24 11:42:33.195000+00:00,2025-04-02 00:00:00+00:00,True,,310.76,INR,ABCD,2025,9400000236,320000083,11,31,13,11:31:13
91150174,10,B8907367037842,1,PC,761.86,INR,80738084,10,S1,2025-07-24 00:00:00+00:00,2025-07-24 11:42:07+00:00,2025-04-02 00:00:00+00:00,False,90504265,761.86,INR,ABCD,2025,9400635945,320000083,11,42,7,11:42:07
91150188,10,B8907367002246,1,PC,1301.82,INR,80738069,10,S1,2025-07-24 00:00:00+00:00,2025-07-24 11:42:07+00:00,2025-04-02 00:00:00+00:00,False,90504243,2033.65,INR,ABCD,2025,9400635959,320000083,11,42,7,11:42:07
91150188,20,S8907367001836,1,PC,0.0,INR,80738069,20,S1,2025-07-24 00:00:00+00:00,2025-07-24 11:42:07+00:00,2025-04-02 00:00:00+00:00,False,90504243,2033.65,INR,ABCD,2025,9400635959,320000083,11,42,7,11:42:07
91150188,30,S8907367001874,1,PC,0.0,INR,80738069,30,S1,2025-07-24 00:00:00+00:00,2025-07-24 11:42:07+00:00,2025-04-02 00:00:00+00:00,False,90504243,2033.65,INR,ABCD,2025,9400635959,320000083,11,42,7,11:42:07
91150188,40,3001468,1,PC,0.0,INR,80738069,40,S1,2025-07-24 00:00:00+00:00,2025-07-24 11:42:07+00:00,2025-04-02 00:00:00+00:00,False,90504243,2033.65,INR,ABCD,2025,9400635959,320000083,11,42,7,11:42:07
91150188,50,S8907367001850,1,PC,0.0,INR,80738069,50,S1,2025-07-24 00:00:00+00:00,2025-07-24 11:42:07+00:00,2025-04-02 00:00:00+00:00,False,90504243,2033.65,INR,ABCD,2025,9400635959,320000083,11,42,7,11:42:07
91150188,60,S8907367001843,1,PC,0.0,INR,80738069,60,S1,2025-07-24 00:00:00+00:00,2025-07-24 11:42:07+00:00,2025-04-02 00:00:00+00:00,False,90504243,2033.65,INR,ABCD,2025,9400635959,320000083,11,42,7,11:42:07
91150188,70,3001456,1,PC,0.0,INR,80738069,70,S1,2025-07-24 00:00:00+00:00,2025-07-24 11:42:07+00:00,2025-04-02 00:00:00+00:00,False,90504243,2033.65,INR,ABCD,2025,9400635959,320000083,11,42,7,11:42:07
91150188,80,S8907367001867,1,PC,0.0,INR,80738069,80,S1,2025-07-24 00:00:00+00:00,2025-07-24 11:42:07+00:00,2025-04-02 00:00:00+00:00,False,90504243,2033.65,INR,ABCD,2025,9400635959,320000083,11,42,7,11:42:07
91150188,90,S8907367002550,1,PC,0.0,INR,80738069,90,S1,2025-07-24 00:00:00+00:00,2025-07-24 11:42:07+00:00,2025-04-02 00:00:00+00:00,False,90504243,2033.65,INR,ABCD,2025,9400635959,320000083,11,42,7,11:42:07
91150188,100,S8907367038108,1,PC,208.52,INR,80738069,100,S1,2025-07-24 00:00:00+00:00,2025-07-24 11:42:07+00:00,2025-04-02 00:00:00+00:00,False,90504243,2033.65,INR,ABCD,2025,9400635959,320000083,11,42,7,11:42:07
91150188,110,S8907367038122,1,PC,210.13,INR,80738069,110,S1,2025-07-24 00:00:00+00:00,2025-07-24 11:42:07+00:00,2025-04-02 00:00:00+00:00,False,90504243,2033.65,INR,ABCD,2025,9400635959,320000083,11,42,7,11:42:07
91150188,120,S8907367039280,1,PC,313.18,INR,80738069,120,S1,2025-07-24 00:00:00+00:00,2025-07-24 11:42:07+00:00,2025-04-02 00:00:00+00:00,False,90504243,2033.65,INR,ABCD,2025,9400635959,320000083,11,42,7,11:42:07
91150106,10,S8907367013532,1,PC,179.66,INR,80737921,10,S1,2025-07-24 00:00:00+00:00,2025-07-24 11:42:07+00:00,2025-04-02 00:00:00+00:00,False,90504406,179.66,INR,ABCD,2025,9400635877,320000088,11,42,7,11:42:07
91150114,10,S8907367038122,1,PC,221.19,INR,80737922,10,S1,2025-07-24 00:00:00+00:00,2025-07-24 11:42:07+00:00,2025-04-02 00:00:00+00:00,False,90504376,221.19,INR,ABCD,2025,9400635885,320000085,11,42,7,11:42:07
91150173,10,S8907367035664,1,PC,422.03,INR,80738085,10,S1,2025-07-24 00:00:00+00:00,2025-07-24 11:42:07+00:00,2025-04-02 00:00:00+00:00,False,90504266,422.03,INR,ABCD,2025,9400635944,320000083,11,42,7,11:42:07
91150174,20,S8907367010814,1,PC,0.0,INR,80738084,20,S1,2025-07-24 00:00:00+00:00,2025-07-24 11:42:07+00:00,2025-04-02 00:00:00+00:00,False,90504265,761.86,INR,ABCD,2025,9400635945,320000083,11,42,7,11:42:07
91150174,30,S8907367036722,1,PC,0.0,INR,80738084,30,S1,2025-07-24 00:00:00+00:00,2025-07-24 11:42:07+00:00,2025-04-02 00:00:00+00:00,False,90504265,761.86,INR,ABCD,2025,9400635945,320000083,11,42,7,11:42:07
91150174,40,S8907367029021,1,PC,0.0,INR,80738084,40,S1,2025-07-24 00:00:00+00:00,2025-07-24 11:42:07+00:00,2025-04-02 00:00:00+00:00,False,90504265,761.86,INR,ABCD,2025,9400635945,320000083,11,42,7,11:42:07
91150174,50,S8907367016144,1,PC,0.0,INR,80738084,50,S1,2025-07-24 00:00:00+00:00,2025-07-24 11:42:07+00:00,2025-04-02 00:00:00+00:00,False,90504265,761.86,INR,ABCD,2025,9400635945,320000083,11,42,7,11:42:07
91150174,60,S8907367029038,1,PC,0.0,INR,80738084,60,S1,2025-07-24 00:00:00+00:00,2025-07-24 11:42:07+00:00,2025-04-02 00:00:00+00:00,False,90504265,761.86,INR,ABCD,2025,9400635945,320000083,11,42,7,11:42:07
91150175,10,S8907367008620,2,PC,481.44,INR,80738083,10,S1,2025-07-24 00:00:00+00:00,2025-07-24 11:42:07+00:00,2025-04-02 00:00:00+00:00,False,90504263,481.44,INR,ABCD,2025,9400635946,320000083,11,42,7,11:42:07
91150176,10,S8907367003380,1,PC,240.72,INR,80738082,10,S1,2025-07-24 00:00:00+00:00,2025-07-24 11:42:07+00:00,2025-04-02 00:00:00+00:00,False,90504262,843.73,INR,ABCD,2025,9400635947,320000083,11,42,7,11:42:07
91150176,20,S8907367020035,1,PC,603.01,INR,80738082,20,S1,2025-07-24 00:00:00+00:00,2025-07-24 11:42:07+00:00,2025-04-02 00:00:00+00:00,False,90504262,843.73,INR,ABCD,2025,9400635947,320000083,11,42,7,11:42:07
91150177,10,S8907367037156,1,PC,422.03,INR,80738081,10,S1,2025-07-24 00:00:00+00:00,2025-07-24 11:42:07+00:00,2025-04-02 00:00:00+00:00,False,90504260,422.03,INR,ABCD,2025,9400635948,320000083,11,42,7,11:42:07
91150178,10,S8907367008620,1,PC,253.39,INR,80738080,10,S1,2025-07-24 00:00:00+00:00,2025-07-24 11:42:07+00:00,2025-04-02 00:00:00+00:00,False,90504259,253.39,INR,ABCD,2025,9400635949,320000083,11,42,7,11:42:07
91150179,10,S8907367016144,1,PC,375.42,INR,80738079,10,S1,2025-07-24 00:00:00+00:00,2025-07-24 11:42:07+00:00,2025-04-02 00:00:00+00:00,False,90504257,375.42,INR,ABCD,2025,9400635950,320000083,11,42,7,11:42:07
91150180,10,S8907367013532,1,PC,179.66,INR,80738078,10,S1,2025-07-24 00:00:00+00:00,2025-07-24 11:42:07+00:00,2025-04-02 00:00:00+00:00,False,90504256,179.66,INR,ABCD,2025,9400635951,320000083,11,42,7,11:42:07
91150181,10,B8907367037859,1,PC,439.83,INR,80738077,10,S1,2025-07-24 00:00:00+00:00,2025-07-24 11:42:07+00:00,2025-04-02 00:00:00+00:00,False,90504255,439.83,INR,ABCD,2025,9400635952,320000083,11,42,7,11:42:07
91150181,20,S8907367035961,1,PC,0.0,INR,80738077,20,S1,2025-07-24 00:00:00+00:00,2025-07-24 11:42:07+00:00,2025-04-02 00:00:00+00:00,False,90504255,439.83,INR,ABCD,2025,9400635952,320000083,11,42,7,11:42:07
91150181,30,S8907367035978,1,PC,0.0,INR,80738077,30,S1,2025-07-24 00:00:00+00:00,2025-07-24 11:42:07+00:00,2025-04-02 00:00:00+00:00,False,90504255,439.83,INR,ABCD,2025,9400635952,320000083,11,42,7,11:42:07
91150181,40,S8907367035985,1,PC,0.0,INR,80738077,40,S1,2025-07-24 00:00:00+00:00,2025-07-24 11:42:07+00:00,2025-04-02 00:00:00+00:00,False,90504255,439.83,INR,ABCD,2025,9400635952,320000083,11,42,7,11:42:07
91150181,50,S8907367035992,1,PC,0.0,INR,80738077,50,S1,2025-07-24 00:00:00+00:00,2025-07-24 11:42:07+00:00,2025-04-02 00:00:00+00:00,False,90504255,439.83,INR,ABCD,2025,9400635952,320000083,11,42,7,11:42:07
91150182,10,B8907367037859,1,PC,439.83,INR,80738076,10,S1,2025-07-24 00:00:00+00:00,2025-07-24 11:42:07+00:00,2025-04-02 00:00:00+00:00,False,90504253,439.83,INR,ABCD,2025,9400635953,320000083,11,42,7,11:42:07
91150182,20,S8907367035978,1,PC,0.0,INR,80738076,20,S1,2025-07-24 00:00:00+00:00,2025-07-24 11:42:07+00:00,2025-04-02 00:00:00+00:00,False,90504253,439.83,INR,ABCD,2025,9400635953,320000083,11,42,7,11:42:07
91150182,30,S8907367035992,1,PC,0.0,INR,80738076,30,S1,2025-07-24 00:00:00+00:00,2025-07-24 11:42:07+00:00,2025-04-02 00:00:00+00:00,False,90504253,439.83,INR,ABCD,2025,9400635953,320000083,11,42,7,11:42:07
91150182,40,S8907367035985,1,PC,0.0,INR,80738076,40,S1,2025-07-24 00:00:00+00:00,2025-07-24 11:42:07+00:00,2025-04-02 00:00:00+00:00,False,90504253,439.83,INR,ABCD,2025,9400635953,320000083,11,42,7,11:42:07
91150182,50,S8907367035961,1,PC,0.0,INR,80738076,50,S1,2025-07-24 00:00:00+00:00,2025-07-24 11:42:07+00:00,2025-04-02 00:00:00+00:00,False,90504253,439.83,INR,ABCD,2025,9400635953,320000083,11,42,7,11:42:07
91150183,10,B8907367015697,1,PC,429.66,INR,80738075,10,S1,2025-07-24 00:00:00+00:00,2025-07-24 11:42:07+00:00,2025-04-02 00:00:00+00:00,False,90504252,429.66,INR,ABCD,2025,9400635954,320000083,11,42,7,11:42:07
91150183,20,S8907367013532,1,PC,0.0,INR,80738075,20,S1,2025-07-24 00:00:00+00:00,2025-07-24 11:42:07+00:00,2025-04-02 00:00:00+00:00,False,90504252,429.66,INR,ABCD,2025,9400635954,320000083,11,42,7,11:42:07
91150183,30,S8907367014447,1,PC,0.0,INR,80738075,30,S1,2025-07-24 00:00:00+00:00,2025-07-24 11:42:07+00:00,2025-04-02 00:00:00+00:00,False,90504252,429.66,INR,ABCD,2025,9400635954,320000083,11,42,7,11:42:07
91150184,10,S8907367041993,1,PC,422.88,INR,80738074,10,S1,2025-07-24 00:00:00+00:00,2025-07-24 11:42:07+00:00,2025-04-02 00:00:00+00:00,False,90504250,422.88,INR,ABCD,2025,9400635955,320000083,11,42,7,11:42:07
91150185,10,S8907367010814,1,PC,320.42,INR,80738073,10,S1,2025-07-24 00:00:00+00:00,2025-07-24 11:42:07+00:00,2025-04-02 00:00:00+00:00,False,90504249,561.14,INR,ABCD,2025,9400635956,320000083,11,42,7,11:42:07
91150185,20,S8907367008620,1,PC,240.72,INR,80738073,20,S1,2025-07-24 00:00:00+00:00,2025-07-24 11:42:07+00:00,2025-04-02 00:00:00+00:00,False,90504249,561.14,INR,ABCD,2025,9400635956,320000083,11,42,7,11:42:07
91150186,10,S8907367038122,1,PC,221.19,INR,80738071,10,S1,2025-07-24 00:00:00+00:00,2025-07-24 11:42:07+00:00,2025-04-02 00:00:00+00:00,False,90504246,221.19,INR,ABCD,2025,9400635957,320000083,11,42,7,11:42:07
91150187,10,S8907367039280,1,PC,329.66,INR,80738070,10,S1,2025-07-24 00:00:00+00:00,2025-07-24 11:42:07+00:00,2025-04-02 00:00:00+00:00,False,90504245,329.66,INR,ABCD,2025,9400635958,320000083,11,42,7,11:42:07
91150189,10,S8907367025344,1,PC,151.69,INR,80738068,10,S1,2025-07-24 00:00:00+00:00,2025-07-24 11:42:07+00:00,2025-04-02 00:00:00+00:00,False,90504242,151.69,INR,ABCD,2025,9400635960,320000083,11,42,7,11:42:07
91150190,10,S8907367013532,1,PC,180.34,INR,80738067,10,S1,2025-07-24 00:00:00+00:00,2025-07-24 11:42:07+00:00,2025-04-02 00:00:00+00:00,False,90504241,180.34,INR,ABCD,2025,9400635961,320000083,11,42,7,11:42:07
91150191,10,S8907367008620,1,PC,253.39,INR,80738066,10,S1,2025-07-24 00:00:00+00:00,2025-07-24 11:42:07+00:00,2025-04-02 00:00:00+00:00,False,90504239,253.39,INR,ABCD,2025,9400635962,320000083,11,42,7,11:42:07
91150192,10,S8907367008620,1,PC,287.29,INR,80738065,10,S1,2025-07-24 00:00:00+00:00,2025-07-24 11:42:07+00:00,2025-04-02 00:00:00+00:00,False,90504238,287.29,INR,ABCD,2025,9400635963,320000083,11,42,7,11:42:07
91150193,10,S8907367028192,1,PC,168.64,INR,80738064,10,S1,2025-07-24 00:00:00+00:00,2025-07-24 11:42:07+00:00,2025-04-02 00:00:00+00:00,False,90504237,168.64,INR,ABCD,2025,9400635964,320000083,11,42,7,11:42:07
91150194,10,S8907367026433,2,PC,310.76,INR,80738063,10,S1,2025-07-24 00:00:00+00:00,2025-07-24 11:42:07+00:00,2025-04-02 00:00:00+00:00,False,90504235,310.76,INR,ABCD,2025,9400635965,320000083,11,42,7,11:42:07
91150195,10,S8907367004448,1,PC,215.25,INR,80738062,10,S1,2025-07-24 00:00:00+00:00,2025-07-24 11:42:07+00:00,2025-04-02 00:00:00+00:00,False,90504234,215.25,INR,ABCD,2025,9400635966,320000083,11,42,7,11:42:07
91150196,10,S8907367013532,1,PC,179.66,INR,80738061,10,S1,2025-07-24 00:00:00+00:00,2025-07-24 11:42:07+00:00,2025-04-02 00:00:00+00:00,False,90504232,179.66,INR,ABCD,2025,9400635967,320000083,11,42,7,11:42:07
91150197,10,S8907367001003,1,PC,216.1,INR,80738060,10,S1,2025-07-24 00:00:00+00:00,2025-07-24 11:42:07+00:00,2025-04-02 00:00:00+00:00,False,90504231,216.1,INR,ABCD,2025,9400635968,320000083,11,42,7,11:42:07
91150198,10,S8907367008620,1,PC,253.39,INR,80738059,10,S1,2025-07-24 00:00:00+00:00,2025-07-24 11:42:07+00:00,2025-04-02 00:00:00+00:00,False,90504230,253.39,INR,ABCD,2025,9400635969,320000083,11,42,7,11:42:07
91150199,10,S8907367038108,1,PC,208.52,INR,80738058,10,S1,2025-07-24 00:00:00+00:00,2025-07-24 11:42:07+00:00,2025-04-02 00:00:00+00:00,False,90504228,449.24,INR,ABCD,2025,9400635970,320000083,11,42,7,11:42:07
91150199,20,S8907367008620,1,PC,240.72,INR,80738058,20,S1,2025-07-24 00:00:00+00:00,2025-07-24 11:42:07+00:00,2025-04-02 00:00:00+00:00,False,90504228,449.24,INR,ABCD,2025,9400635970,320000083,11,42,7,11:42:07
91150200,10,S8907367025344,1,PC,185.59,INR,80738057,10,S1,2025-07-24 00:00:00+00:00,2025-07-24 11:42:07+00:00,2025-04-02 00:00:00+00:00,False,90504227,185.59,INR,ABCD,2025,9400635971,320000083,11,42,7,11:42:07
91150201,10,S8907367002512,1,PC,215.25,INR,80738056,10,S1,2025-07-24 00:00:00+00:00,2025-07-24 11:42:07+00:00,2025-04-02 00:00:00+00:00,False,90504226,215.25,INR,ABCD,2025,9400635972,320000083,11,42,7,11:42:07
91150202,10,S8907367008620,1,PC,253.39,INR,80738055,10,S1,2025-07-24 00:00:00+00:00,2025-07-24 11:42:07+00:00,2025-04-02 00:00:00+00:00,False,90504225,253.39,INR,ABCD,2025,9400635973,320000083,11,42,7,11:42:07
91150203,10,S8907367039280,1,PC,363.56,INR,80738054,10,S1,2025-07-24 00:00:00+00:00,2025-07-24 11:42:07+00:00,2025-04-02 00:00:00+00:00,False,90504223,363.56,INR,ABCD,2025,9400635974,320000083,11,42,7,11:42:07
91150204,10,S8907367039280,1,PC,329.66,INR,80738053,10,S1,2025-07-24 00:00:00+00:00,2025-07-24 11:42:07+00:00,2025-04-02 00:00:00+00:00,False,90504222,329.66,INR,ABCD,2025,9400635975,320000083,11,42,7,11:42:07
91150205,10,S8907367039280,1,PC,363.56,INR,80738052,10,S1,2025-07-24 00:00:00+00:00,2025-07-24 11:42:07+00:00,2025-04-02 00:00:00+00:00,False,90504221,363.56,INR,ABCD,2025,9400635976,320000083,11,42,7,11:42:07
91150206,10,S8907367008620,1,PC,253.39,INR,80738051,10,S1,2025-07-24 00:00:00+00:00,2025-07-24 11:42:07+00:00,2025-04-02 00:00:00+00:00,False,90504219,253.39,INR,ABCD,2025,9400635977,320000083,11,42,7,11:42:07
91150207,10,S8907367039280,1,PC,329.66,INR,80738050,10,S1,2025-07-24 00:00:00+00:00,2025-07-24 11:42:07+00:00,2025-04-02 00:00:00+00:00,False,90504218,329.66,INR,ABCD,2025,9400635978,320000083,11,42,7,11:42:07
91150208,10,S8907367039280,1,PC,363.56,INR,80738049,10,S1,2025-07-24 00:00:00+00:00,2025-07-24 11:42:07+00:00,2025-04-02 00:00:00+00:00,False,90504217,363.56,INR,ABCD,2025,9400635979,320000083,11,42,7,11:42:07
91150209,10,S8907367039280,1,PC,363.56,INR,80738048,10,S1,2025-07-24 00:00:00+00:00,2025-07-24 11:42:07+00:00,2025-04-02 00:00:00+00:00,False,90504215,363.56,INR,ABCD,2025,9400635980,320000083,11,42,7,11:42:07
91150210,10,B8907367032571,1,PC,272.88,INR,80738047,10,S1,2025-07-24 00:00:00+00:00,2025-07-24 11:42:07+00:00,2025-04-02 00:00:00+00:00,False,90504214,272.88,INR,ABCD,2025,9400635981,320000083,11,42,7,11:42:07
91150210,20,S8907367025412,2,PC,0.0,INR,80738047,20,S1,2025-07-24 00:00:00+00:00,2025-07-24 11:42:07+00:00,2025-04-02 00:00:00+00:00,False,90504214,272.88,INR,ABCD,2025,9400635981,320000083,11,42,7,11:42:07
91150211,10,S8907367039280,1,PC,363.56,INR,80738046,10,S1,2025-07-24 00:00:00+00:00,2025-07-24 11:42:07+00:00,2025-04-02 00:00:00+00:00,False,90504212,363.56,INR,ABCD,2025,9400635982,320000083,11,42,7,11:42:07
91150212,10,S8907367039280,1,PC,363.56,INR,80738045,10,S1,2025-07-24 00:00:00+00:00,2025-07-24 11:42:07+00:00,2025-04-02 00:00:00+00:00,False,90504211,363.56,INR,ABCD,2025,9400635983,320000083,11,42,7,11:42:07
91150213,10,S8907367039280,1,PC,363.56,INR,80738044,10,S1,2025-07-24 00:00:00+00:00,2025-07-24 11:42:07+00:00,2025-04-02 00:00:00+00:00,False,90504210,363.56,INR,ABCD,2025,9400635984,320000083,11,42,7,11:42:07
91150214,10,S8907367002512,1,PC,249.15,INR,80738043,10,S1,2025-07-24 00:00:00+00:00,2025-07-24 11:42:07+00:00,2025-04-02 00:00:00+00:00,False,90504208,249.15,INR,ABCD,2025,9400635985,320000083,11,42,7,11:42:07
91150215,10,S8907367001003,1,PC,250.0,INR,80738042,10,S1,2025-07-24 00:00:00+00:00,2025-07-24 11:42:07+00:00,2025-04-02 00:00:00+00:00,False,90504207,250.0,INR,ABCD,2025,9400635986,320000083,11,42,7,11:42:07
91150216,10,S8907367038122,1,PC,221.19,INR,80738041,10,S1,2025-07-24 00:00:00+00:00,2025-07-24 11:42:07+00:00,2025-04-02 00:00:00+00:00,False,90504206,221.19,INR,ABCD,2025,9400635987,320000083,11,42,7,11:42:07
91150217,10,S8907367013532,1,PC,229.66,INR,80738040,10,S1,2025-07-24 00:00:00+00:00,2025-07-24 11:42:07+00:00,2025-04-02 00:00:00+00:00,False,90504204,229.66,INR,ABCD,2025,9400635988,320000083,11,42,7,11:42:07
