billingDocument,billingDocumentItem,material,billingQuantity,billingQuantityUnit,netAmount,transactionCurrency,deliveryDocument,deliveryDocumentItem,billingDocumentType,billingDocumentDate,billingDocumentIsCancelled,totalNetAmount,soldToParty,accountingDocument,companyCode,fiscalYear,salesOrder,salesOrderItem,actualDeliveryQuantity,plant,overallGoodsMovementStatus,overallPickingStatus,shippingPoint,salesOrderType,soldToParty_so,overallDeliveryStatus,totalNetAmount_so,requestedDeliveryDate,transactionCurrency_so,glAccount,postingDate,amountInTransactionCurrency,clearingDate,clearingAccountingDocument,customer,paymentAmount,paymentDate,paymentClearingDate,paymentCustomer,customerName,productDescription
90504298,10,B8907367041603,1,PC,533.05,INR,80738109,10,F2,2025-04-02 00:00:00+00:00,True,533.05,320000083,9400000299,ABCD,2025,,,,,A,C,WB05,,,,,,,15500020,2025-04-02 00:00:00+00:00,1886.97,2025-04-02 00:00:00+00:00,9400635920,320000083,-1886.97,2025-04-02 00:00:00+00:00,2025-04-02 00:00:00+00:00,320000083,"Nelson, Fitzpatrick and Jordan","BLACK, BLANC & FIRE EDT COMBO"
90678703,10,B8907367032571,1,PC,305.9,INR,80754606,10,F2,2025-05-16 00:00:00+00:00,True,589.95,320000082,9400172480,ABCD,2025,,,,,A,C,1301,,,,,,,15500020,2025-05-16 00:00:00+00:00,2088.42,2025-05-16 00:00:00+00:00,9400635854,320000082,-2088.42,2025-05-16 00:00:00+00:00,2025-05-16 00:00:00+00:00,320000082,Nguyen-Davis,FACEWASH 100ML DETAN-PACK 2
90678698,10,B8907367022152,1,PC,382.9,INR,80754601,10,F2,2025-05-16 00:00:00+00:00,True,382.9,320000082,9400172475,ABCD,2025,,,,,A,C,1301,,,,,,,15500020,2025-05-16 00:00:00+00:00,1355.46,2025-05-16 00:00:00+00:00,9400635859,320000082,-1355.46,2025-05-16 00:00:00+00:00,2025-05-16 00:00:00+00:00,320000082,Nguyen-Davis,FACEWASH VIT C-B1G1
90504301,10,B8907367039570,1,PC,1091.53,INR,80738111,10,F2,2025-04-02 00:00:00+00:00,True,1091.53,320000083,9400000302,ABCD,2025,,,,,A,C,WB05,,,,,,,15500020,2025-04-02 00:00:00+00:00,3864.03,2025-04-02 00:00:00+00:00,9400635918,320000083,-3864.03,2025-04-02 00:00:00+00:00,2025-04-02 00:00:00+00:00,320000083,"Nelson, Fitzpatrick and Jordan",MEN'S PERFUME COMBO - 3 X 100ML
90678702,10,S8907367008620,1,PC,299.0,INR,80754605,10,F2,2025-05-16 00:00:00+00:00,True,299.0,320000082,9400172479,ABCD,2025,,,,,A,C,1301,,,,,,,15500020,2025-05-16 00:00:00+00:00,1058.46,2025-05-16 00:00:00+00:00,9400635855,320000082,-1058.46,2025-05-16 00:00:00+00:00,2025-05-16 00:00:00+00:00,320000082,Nguyen-Davis,FACESERUM 30ML VIT C
90678703,30,S8907367008620,1,PC,284.05,INR,80754606,30,F2,2025-05-16 00:00:00+00:00,True,589.95,320000082,9400172480,ABCD,2025,,,,,A,C,1301,,,,,,,15500020,2025-05-16 00:00:00+00:00,2088.42,2025-05-16 00:00:00+00:00,9400635854,320000082,-2088.42,2025-05-16 00:00:00+00:00,2025-05-16 00:00:00+00:00,320000082,Nguyen-Davis,FACESERUM 30ML VIT C
90628266,10,S8907367002512,1,PC,287.9,INR,80754576,10,F2,2025-04-30 00:00:00+00:00,False,287.9,320000082,9400123663,ABCD,2025,,,,,C,C,1301,,,,,,,15500020,2025-04-30 00:00:00+00:00,1019.16,,,320000082,,,,,Nguyen-Davis,Machismo Hair cream wax 100GM
90628265,10,S8907367013532,1,PC,245.9,INR,80754575,10,F2,2025-04-30 00:00:00+00:00,False,245.9,320000082,9400123662,ABCD,2025,,,,,C,C,1301,,,,,,,15500020,2025-04-30 00:00:00+00:00,870.48,,,320000082,,,,,Nguyen-Davis,LIPBALM 4G LIGHTNING VIT E
90678700,10,S8907367013532,1,PC,245.9,INR,80754603,10,F2,2025-05-16 00:00:00+00:00,True,245.9,320000082,9400172477,ABCD,2025,,,,,A,C,1301,,,,,,,15500020,2025-05-16 00:00:00+00:00,870.48,2025-05-16 00:00:00+00:00,9400635857,320000082,-870.48,2025-05-16 00:00:00+00:00,2025-05-16 00:00:00+00:00,320000082,Nguyen-Davis,LIPBALM 4G LIGHTNING VIT E
90678699,10,S8907367025344,1,PC,179.0,INR,80754602,10,F2,2025-05-16 00:00:00+00:00,True,179.0,320000082,9400172476,ABCD,2025,,,,,A,C,1301,,,,,,,15500020,2025-05-16 00:00:00+00:00,633.66,2025-05-16 00:00:00+00:00,9400635858,320000082,-633.66,2025-05-16 00:00:00+00:00,2025-05-16 00:00:00+00:00,320000082,Nguyen-Davis,ROLL-ON DEO 55ML BLANC
90678696,10,S8907367013587,1,PC,167.0,INR,80754574,10,F2,2025-05-16 00:00:00+00:00,True,167.0,320000082,9400172473,ABCD,2025,,,,,A,C,1301,,,,,,,15500020,2025-05-16 00:00:00+00:00,591.18,2025-05-16 00:00:00+00:00,9400635861,320000082,-591.18,2025-05-16 00:00:00+00:00,2025-05-16 00:00:00+00:00,320000082,Nguyen-Davis,LIPBALM 4G ESSENCIA VIT E
90678698,20,S8907367011866,2,PC,0.0,INR,80754601,20,F2,2025-05-16 00:00:00+00:00,True,382.9,320000082,9400172475,ABCD,2025,,,,,A,C,1301,,,,,,,15500020,2025-05-16 00:00:00+00:00,1355.46,2025-05-16 00:00:00+00:00,9400635859,320000082,-1355.46,2025-05-16 00:00:00+00:00,2025-05-16 00:00:00+00:00,320000082,Nguyen-Davis,FACEWASH 100ML VIT C
90678703,20,S8907367025412,2,PC,0.0,INR,80754606,20,F2,2025-05-16 00:00:00+00:00,True,589.95,320000082,9400172480,ABCD,2025,,,,,A,C,1301,,,,,,,15500020,2025-05-16 00:00:00+00:00,2088.42,2025-05-16 00:00:00+00:00,9400635854,320000082,-2088.42,2025-05-16 00:00:00+00:00,2025-05-16 00:00:00+00:00,320000082,Nguyen-Davis,FACEWASH 100ML DE-TAN
90504279,20,S8907367013082,2,PC,0.0,INR,80738094,20,F2,2025-04-02 00:00:00+00:00,True,327.97,320000083,9400000280,ABCD,2025,,,,,A,C,WB05,,,,,,,15500020,2025-04-02 00:00:00+00:00,1161.03,2025-04-02 00:00:00+00:00,9400635935,320000083,,,,,"Nelson, Fitzpatrick and Jordan",HAIRWAX 50G BRAWN ALMOND+ARGAN
90504279,10,B8907367032649,1,PC,327.97,INR,80738094,10,F2,2025-04-02 00:00:00+00:00,True,327.97,320000083,9400000280,ABCD,2025,,,,,A,C,WB05,,,,,,,15500020,2025-04-02 00:00:00+00:00,1161.03,2025-04-02 00:00:00+00:00,9400635935,320000083,,,,,"Nelson, Fitzpatrick and Jordan",HAIRWAX 50G BRAWN EXTRASTRONGHOLD PACK 2
91150083,10,B8907367032571,1,PC,305.9,INR,80754606,10,S1,2025-05-16 00:00:00+00:00,False,589.95,320000082,9400635854,ABCD,2025,,,,,A,C,1301,,,,,,,15500020,2025-05-16 00:00:00+00:00,-2088.42,2025-05-16 00:00:00+00:00,9400635854,320000082,-2088.42,2025-05-16 00:00:00+00:00,2025-05-16 00:00:00+00:00,320000082,Nguyen-Davis,FACEWASH 100ML DETAN-PACK 2
91150083,20,S8907367025412,2,PC,0.0,INR,80754606,20,S1,2025-05-16 00:00:00+00:00,False,589.95,320000082,9400635854,ABCD,2025,,,,,A,C,1301,,,,,,,15500020,2025-05-16 00:00:00+00:00,-2088.42,2025-05-16 00:00:00+00:00,9400635854,320000082,-2088.42,2025-05-16 00:00:00+00:00,2025-05-16 00:00:00+00:00,320000082,Nguyen-Davis,FACEWASH 100ML DE-TAN
91150083,30,S8907367008620,1,PC,284.05,INR,80754606,30,S1,2025-05-16 00:00:00+00:00,False,589.95,320000082,9400635854,ABCD,2025,,,,,A,C,1301,,,,,,,15500020,2025-05-16 00:00:00+00:00,-2088.42,2025-05-16 00:00:00+00:00,9400635854,320000082,-2088.42,2025-05-16 00:00:00+00:00,2025-05-16 00:00:00+00:00,320000082,Nguyen-Davis,FACESERUM 30ML VIT C
91150084,10,S8907367008620,1,PC,299.0,INR,80754605,10,S1,2025-05-16 00:00:00+00:00,False,299.0,320000082,9400635855,ABCD,2025,,,,,A,C,1301,,,,,,,15500020,2025-05-16 00:00:00+00:00,-1058.46,2025-05-16 00:00:00+00:00,9400635855,320000082,-1058.46,2025-05-16 00:00:00+00:00,2025-05-16 00:00:00+00:00,320000082,Nguyen-Davis,FACESERUM 30ML VIT C
91150085,10,S8907367004448,1,PC,254.0,INR,80754604,10,S1,2025-05-16 00:00:00+00:00,False,254.0,320000082,9400635856,ABCD,2025,,,,,A,C,1301,,,,,,,15500020,2025-05-16 00:00:00+00:00,-899.16,2025-05-16 00:00:00+00:00,9400635856,320000082,-899.16,2025-05-16 00:00:00+00:00,2025-05-16 00:00:00+00:00,320000082,Nguyen-Davis,DAILY MOISTURISING CREAM 50G SHEA BUTTER
91150086,10,S8907367013532,1,PC,245.9,INR,80754603,10,S1,2025-05-16 00:00:00+00:00,False,245.9,320000082,9400635857,ABCD,2025,,,,,A,C,1301,,,,,,,15500020,2025-05-16 00:00:00+00:00,-870.48,2025-05-16 00:00:00+00:00,9400635857,320000082,-870.48,2025-05-16 00:00:00+00:00,2025-05-16 00:00:00+00:00,320000082,Nguyen-Davis,LIPBALM 4G LIGHTNING VIT E
91150087,10,S8907367025344,1,PC,179.0,INR,80754602,10,S1,2025-05-16 00:00:00+00:00,False,179.0,320000082,9400635858,ABCD,2025,,,,,A,C,1301,,,,,,,15500020,2025-05-16 00:00:00+00:00,-633.66,2025-05-16 00:00:00+00:00,9400635858,320000082,-633.66,2025-05-16 00:00:00+00:00,2025-05-16 00:00:00+00:00,320000082,Nguyen-Davis,ROLL-ON DEO 55ML BLANC
91150088,10,B8907367022152,1,PC,382.9,INR,80754601,10,S1,2025-05-16 00:00:00+00:00,False,382.9,320000082,9400635859,ABCD,2025,,,,,A,C,1301,,,,,,,15500020,2025-05-16 00:00:00+00:00,-1355.46,2025-05-16 00:00:00+00:00,9400635859,320000082,-1355.46,2025-05-16 00:00:00+00:00,2025-05-16 00:00:00+00:00,320000082,Nguyen-Davis,FACEWASH VIT C-B1G1
91150088,20,S8907367011866,2,PC,0.0,INR,80754601,20,S1,2025-05-16 00:00:00+00:00,False,382.9,320000082,9400635859,ABCD,2025,,,,,A,C,1301,,,,,,,15500020,2025-05-16 00:00:00+00:00,-1355.46,2025-05-16 00:00:00+00:00,9400635859,320000082,-1355.46,2025-05-16 00:00:00+00:00,2025-05-16 00:00:00+00:00,320000082,Nguyen-Davis,FACEWASH 100ML VIT C
91150090,10,S8907367013587,1,PC,167.0,INR,80754574,10,S1,2025-05-16 00:00:00+00:00,False,167.0,320000082,9400635861,ABCD,2025,,,,,A,C,1301,,,,,,,15500020,2025-05-16 00:00:00+00:00,-591.18,2025-05-16 00:00:00+00:00,9400635861,320000082,-591.18,2025-05-16 00:00:00+00:00,2025-05-16 00:00:00+00:00,320000082,Nguyen-Davis,LIPBALM 4G ESSENCIA VIT E
91150147,10,B8907367039570,1,PC,1091.53,INR,80738111,10,S1,2025-04-02 00:00:00+00:00,False,1091.53,320000083,9400635918,ABCD,2025,,,,,A,C,WB05,,,,,,,15500020,2025-04-02 00:00:00+00:00,-3864.03,2025-04-02 00:00:00+00:00,9400635918,320000083,-3864.03,2025-04-02 00:00:00+00:00,2025-04-02 00:00:00+00:00,320000083,"Nelson, Fitzpatrick and Jordan",MEN'S PERFUME COMBO - 3 X 100ML
91150147,20,S8907367015277,1,PC,0.0,INR,80738111,20,S1,2025-04-02 00:00:00+00:00,False,1091.53,320000083,9400635918,ABCD,2025,,,,,A,C,WB05,,,,,,,15500020,2025-04-02 00:00:00+00:00,-3864.03,2025-04-02 00:00:00+00:00,9400635918,320000083,-3864.03,2025-04-02 00:00:00+00:00,2025-04-02 00:00:00+00:00,320000083,"Nelson, Fitzpatrick and Jordan",EDP 100ML INTENSE
91150147,30,S8907367020035,1,PC,0.0,INR,80738111,30,S1,2025-04-02 00:00:00+00:00,False,1091.53,320000083,9400635918,ABCD,2025,,,,,A,C,WB05,,,,,,,15500020,2025-04-02 00:00:00+00:00,-3864.03,2025-04-02 00:00:00+00:00,9400635918,320000083,-3864.03,2025-04-02 00:00:00+00:00,2025-04-02 00:00:00+00:00,320000083,"Nelson, Fitzpatrick and Jordan",EDT 100ML CITRON
91150147,40,S8907367020042,1,PC,0.0,INR,80738111,40,S1,2025-04-02 00:00:00+00:00,False,1091.53,320000083,9400635918,ABCD,2025,,,,,A,C,WB05,,,,,,,15500020,2025-04-02 00:00:00+00:00,-3864.03,2025-04-02 00:00:00+00:00,9400635918,320000083,-3864.03,2025-04-02 00:00:00+00:00,2025-04-02 00:00:00+00:00,320000083,"Nelson, Fitzpatrick and Jordan",EDT 100ML JOY
91150148,10,S8907367042006,1,PC,464.41,INR,80738110,10,S1,2025-04-02 00:00:00+00:00,False,464.41,320000083,9400635919,ABCD,2025,,,,,A,C,WB05,,,,,,,15500020,2025-04-02 00:00:00+00:00,-1644.03,2025-04-02 00:00:00+00:00,9400635919,320000083,-1644.03,2025-04-02 00:00:00+00:00,2025-04-02 00:00:00+00:00,320000083,"Nelson, Fitzpatrick and Jordan",Destiny 100ml EDP
91150149,10,B8907367041603,1,PC,533.05,INR,80738109,10,S1,2025-04-02 00:00:00+00:00,False,533.05,320000083,9400635920,ABCD,2025,,,,,A,C,WB05,,,,,,,15500020,2025-04-02 00:00:00+00:00,-1886.97,2025-04-02 00:00:00+00:00,9400635920,320000083,-1886.97,2025-04-02 00:00:00+00:00,2025-04-02 00:00:00+00:00,320000083,"Nelson, Fitzpatrick and Jordan","BLACK, BLANC & FIRE EDT COMBO"
91150149,20,S8907367016144,1,PC,0.0,INR,80738109,20,S1,2025-04-02 00:00:00+00:00,False,533.05,320000083,9400635920,ABCD,2025,,,,,A,C,WB05,,,,,,,15500020,2025-04-02 00:00:00+00:00,-1886.97,2025-04-02 00:00:00+00:00,9400635920,320000083,-1886.97,2025-04-02 00:00:00+00:00,2025-04-02 00:00:00+00:00,320000083,"Nelson, Fitzpatrick and Jordan",EDT 50ML BLANC
91150149,30,S8907367029021,1,PC,0.0,INR,80738109,30,S1,2025-04-02 00:00:00+00:00,False,533.05,320000083,9400635920,ABCD,2025,,,,,A,C,WB05,,,,,,,15500020,2025-04-02 00:00:00+00:00,-1886.97,2025-04-02 00:00:00+00:00,9400635920,320000083,-1886.97,2025-04-02 00:00:00+00:00,2025-04-02 00:00:00+00:00,320000083,"Nelson, Fitzpatrick and Jordan",EDP 50ML FIRE
91150149,40,S8907367010814,1,PC,0.0,INR,80738109,40,S1,2025-04-02 00:00:00+00:00,False,533.05,320000083,9400635920,ABCD,2025,,,,,A,C,WB05,,,,,,,15500020,2025-04-02 00:00:00+00:00,-1886.97,2025-04-02 00:00:00+00:00,9400635920,320000083,-1886.97,2025-04-02 00:00:00+00:00,2025-04-02 00:00:00+00:00,320000083,"Nelson, Fitzpatrick and Jordan",EDT 50ML BLACK
91150150,10,S8907367002512,1,PC,215.25,INR,80738108,10,S1,2025-04-02 00:00:00+00:00,False,215.25,320000083,9400635921,ABCD,2025,,,,,A,C,WB05,,,,,,,15500020,2025-04-02 00:00:00+00:00,-761.97,2025-04-02 00:00:00+00:00,9400635921,320000083,-761.97,2025-04-02 00:00:00+00:00,2025-04-02 00:00:00+00:00,320000083,"Nelson, Fitzpatrick and Jordan",Machismo Hair cream wax 100GM
91150151,10,S8907367020035,1,PC,634.75,INR,80738107,10,S1,2025-04-02 00:00:00+00:00,False,634.75,320000083,9400635922,ABCD,2025,,,,,A,C,WB05,,,,,,,15500020,2025-04-02 00:00:00+00:00,-2247.03,2025-04-02 00:00:00+00:00,9400635922,320000083,-2247.03,2025-04-02 00:00:00+00:00,2025-04-02 00:00:00+00:00,320000083,"Nelson, Fitzpatrick and Jordan",EDT 100ML CITRON
91150152,10,S8907367042006,1,PC,464.41,INR,80738106,10,S1,2025-04-02 00:00:00+00:00,False,464.41,320000083,9400635923,ABCD,2025,,,,,A,C,WB05,,,,,,,15500020,2025-04-02 00:00:00+00:00,-1644.03,2025-04-02 00:00:00+00:00,9400635923,320000083,-1644.03,2025-04-02 00:00:00+00:00,2025-04-02 00:00:00+00:00,320000083,"Nelson, Fitzpatrick and Jordan",Destiny 100ml EDP
91150153,10,S8907367042006,1,PC,464.41,INR,80738105,10,S1,2025-04-02 00:00:00+00:00,False,464.41,320000083,9400635924,ABCD,2025,,,,,A,C,WB05,,,,,,,,,,,,,,,,,"Nelson, Fitzpatrick and Jordan",Destiny 100ml EDP
91150154,10,S8907367031635,1,PC,422.03,INR,80738104,10,S1,2025-04-02 00:00:00+00:00,False,422.03,320000083,9400635925,ABCD,2025,,,,,A,C,WB05,,,,,,,,,,,,,,,,,"Nelson, Fitzpatrick and Jordan",EDP 20ML X 4 A GENTLEMAN'S MOODS
91150155,10,S8907367001003,1,PC,216.1,INR,80738103,10,S1,2025-04-02 00:00:00+00:00,False,216.1,320000083,9400635926,ABCD,2025,,,,,A,C,WB05,,,,,,,,,,,,,,,,,"Nelson, Fitzpatrick and Jordan",BEARDOIL 30ML ALMOND+THYME
91150156,10,S8907367001003,1,PC,216.1,INR,80738102,10,S1,2025-04-02 00:00:00+00:00,False,216.1,320000083,9400635927,ABCD,2025,,,,,A,C,WB05,,,,,,,,,,,,,,,,,"Nelson, Fitzpatrick and Jordan",BEARDOIL 30ML ALMOND+THYME
91150157,10,S8907367002499,1,PC,205.93,INR,80738101,10,S1,2025-04-02 00:00:00+00:00,False,205.93,320000083,9400635928,ABCD,2025,,,,,A,C,WB05,,,,,,,,,,,,,,,,,"Nelson, Fitzpatrick and Jordan",HAIRWAX 100G SPORTIVO POMADE
91150158,10,S8907367042006,1,PC,464.41,INR,80738100,10,S1,2025-04-02 00:00:00+00:00,False,464.41,320000083,9400635929,ABCD,2025,,,,,A,C,WB05,,,,,,,,,,,,,,,,,"Nelson, Fitzpatrick and Jordan",Destiny 100ml EDP
91150159,10,S8907367042006,1,PC,464.41,INR,80738099,10,S1,2025-04-02 00:00:00+00:00,False,464.41,320000083,9400635930,ABCD,2025,,,,,A,C,WB05,,,,,,,,,,,,,,,,,"Nelson, Fitzpatrick and Jordan",Destiny 100ml EDP
91150160,10,S8907367042006,1,PC,464.41,INR,80738098,10,S1,2025-04-02 00:00:00+00:00,False,464.41,320000083,9400635931,ABCD,2025,,,,,A,C,WB05,,,,,,,,,,,,,,,,,"Nelson, Fitzpatrick and Jordan",Destiny 100ml EDP
91150161,10,S8907367042006,1,PC,464.41,INR,80738097,10,S1,2025-04-02 00:00:00+00:00,False,464.41,320000083,9400635932,ABCD,2025,,,,,A,C,WB05,,,,,,,,,,,,,,,,,"Nelson, Fitzpatrick and Jordan",Destiny 100ml EDP
91150162,10,S8907367039303,1,PC,473.73,INR,80738096,10,S1,2025-04-02 00:00:00+00:00,False,473.73,320000083,9400635933,ABCD,2025,,,,,A,C,WB05,,,,,,,,,,,,,,,,,"Nelson, Fitzpatrick and Jordan",ABC HAIR GROWTH SERUM 30ML
91150163,10,S8907367003311,1,PC,215.25,INR,80738095,10,S1,2025-04-02 00:00:00+00:00,False,215.25,320000083,9400635934,ABCD,2025,,,,,A,C,WB05,,,,,,,,,,,,,,,,,"Nelson, Fitzpatrick and Jordan",PEEL OFF MASK 100G MORINGA+GOOSEBERRY
91150164,10,B8907367032649,1,PC,327.97,INR,80738094,10,S1,2025-04-02 00:00:00+00:00,False,327.97,320000083,9400635935,ABCD,2025,,,,,A,C,WB05,,,,,,,,,,,,,,,,,"Nelson, Fitzpatrick and Jordan",HAIRWAX 50G BRAWN EXTRASTRONGHOLD PACK 2
91150164,20,S8907367013082,2,PC,0.0,INR,80738094,20,S1,2025-04-02 00:00:00+00:00,False,327.97,320000083,9400635935,ABCD,2025,,,,,A,C,WB05,,,,,,,,,,,,,,,,,"Nelson, Fitzpatrick and Jordan",HAIRWAX 50G BRAWN ALMOND+ARGAN
91150165,10,S8907367041993,1,PC,401.74,INR,80738093,10,S1,2025-04-02 00:00:00+00:00,False,842.93,320000083,9400635936,ABCD,2025,,,,,A,C,WB05,,,,,,,,,,,,,,,,,"Nelson, Fitzpatrick and Jordan",Hope 100ml EDP
91150165,20,S8907367042006,1,PC,441.19,INR,80738093,20,S1,2025-04-02 00:00:00+00:00,False,842.93,320000083,9400635936,ABCD,2025,,,,,A,C,WB05,,,,,,,,,,,,,,,,,"Nelson, Fitzpatrick and Jordan",Destiny 100ml EDP
91150166,10,S8907367003311,1,PC,215.25,INR,80738092,10,S1,2025-04-02 00:00:00+00:00,False,215.25,320000083,9400635937,ABCD,2025,,,,,A,C,WB05,,,,,,,,,,,,,,,,,"Nelson, Fitzpatrick and Jordan",PEEL OFF MASK 100G MORINGA+GOOSEBERRY
91150167,10,S8907367003380,1,PC,253.39,INR,80738091,10,S1,2025-04-02 00:00:00+00:00,False,253.39,320000083,9400635938,ABCD,2025,,,,,A,C,WB05,,,,,,,,,,,,,,,,,"Nelson, Fitzpatrick and Jordan",AFTERSHAVE 100ML
91150168,10,S8907367035664,1,PC,422.03,INR,80738090,10,S1,2025-04-02 00:00:00+00:00,False,422.03,320000083,9400635939,ABCD,2025,,,,,A,C,WB05,,,,,,,,,,,,,,,,,"Nelson, Fitzpatrick and Jordan",EDT 100ML BLACK
91150169,10,S8907367035664,1,PC,422.03,INR,80738089,10,S1,2025-04-02 00:00:00+00:00,False,422.03,320000083,9400635940,ABCD,2025,,,,,A,C,WB05,,,,,,,,,,,,,,,,,"Nelson, Fitzpatrick and Jordan",EDT 100ML BLACK
91150170,10,S8907367035664,1,PC,455.93,INR,80738088,10,S1,2025-04-02 00:00:00+00:00,False,455.93,320000083,9400635941,ABCD,2025,,,,,A,C,WB05,,,,,,,,,,,,,,,,,"Nelson, Fitzpatrick and Jordan",EDT 100ML BLACK
91150171,10,S8907367014867,1,PC,191.53,INR,80738087,10,S1,2025-04-02 00:00:00+00:00,False,191.53,320000083,9400635942,ABCD,2025,,,,,A,C,WB05,,,,,,,,,,,,,,,,,"Nelson, Fitzpatrick and Jordan",NOSE STRIP
91150172,10,S8907367010814,1,PC,337.29,INR,80738086,10,S1,2025-04-02 00:00:00+00:00,False,337.29,320000083,9400635943,ABCD,2025,,,,,A,C,WB05,,,,,,,,,,,,,,,,,"Nelson, Fitzpatrick and Jordan",EDT 50ML BLACK
90504248,10,S8907367001003,1,PC,216.1,INR,80738072,10,F2,2025-04-02 00:00:00+00:00,False,216.1,320000083,9400000249,ABCD,2025,,,,,C,C,WB05,,,,,,,15500020,2025-04-02 00:00:00+00:00,765.0,,,320000083,,,,,"Nelson, Fitzpatrick and Jordan",BEARDOIL 30ML ALMOND+THYME
90504267,10,S8907367010814,1,PC,337.29,INR,80738086,10,F2,2025-04-02 00:00:00+00:00,True,337.29,320000083,9400000268,ABCD,2025,,,,,A,C,WB05,,,,,,,15500020,2025-04-02 00:00:00+00:00,1194.03,2025-04-02 00:00:00+00:00,9400635943,320000083,,,,,"Nelson, Fitzpatrick and Jordan",EDT 50ML BLACK
90504269,10,S8907367014867,1,PC,191.53,INR,80738087,10,F2,2025-04-02 00:00:00+00:00,True,191.53,320000083,9400000270,ABCD,2025,,,,,A,C,WB05,,,,,,,15500020,2025-04-02 00:00:00+00:00,678.03,2025-04-02 00:00:00+00:00,9400635942,320000083,,,,,"Nelson, Fitzpatrick and Jordan",NOSE STRIP
90504270,10,S8907367035664,1,PC,455.93,INR,80738088,10,F2,2025-04-02 00:00:00+00:00,True,455.93,320000083,9400000271,ABCD,2025,,,,,A,C,WB05,,,,,,,15500020,2025-04-02 00:00:00+00:00,1614.0,2025-04-02 00:00:00+00:00,9400635941,320000083,,,,,"Nelson, Fitzpatrick and Jordan",EDT 100ML BLACK
90504272,10,S8907367035664,1,PC,422.03,INR,80738089,10,F2,2025-04-02 00:00:00+00:00,True,422.03,320000083,9400000272,ABCD,2025,,,,,A,C,WB05,,,,,,,15500020,2025-04-02 00:00:00+00:00,1494.0,2025-04-02 00:00:00+00:00,9400635940,320000083,,,,,"Nelson, Fitzpatrick and Jordan",EDT 100ML BLACK
90504273,10,S8907367035664,1,PC,422.03,INR,80738090,10,F2,2025-04-02 00:00:00+00:00,True,422.03,320000083,9400000274,ABCD,2025,,,,,A,C,WB05,,,,,,,15500020,2025-04-02 00:00:00+00:00,1493.97,2025-04-02 00:00:00+00:00,9400635939,320000083,,,,,"Nelson, Fitzpatrick and Jordan",EDT 100ML BLACK
90504274,10,S8907367003380,1,PC,253.39,INR,80738091,10,F2,2025-04-02 00:00:00+00:00,True,253.39,320000083,9400000275,ABCD,2025,,,,,A,C,WB05,,,,,,,15500020,2025-04-02 00:00:00+00:00,897.03,2025-04-02 00:00:00+00:00,9400635938,320000083,,,,,"Nelson, Fitzpatrick and Jordan",AFTERSHAVE 100ML
90504276,10,S8907367003311,1,PC,215.25,INR,80738092,10,F2,2025-04-02 00:00:00+00:00,True,215.25,320000083,9400000277,ABCD,2025,,,,,A,C,WB05,,,,,,,15500020,2025-04-02 00:00:00+00:00,761.97,2025-04-02 00:00:00+00:00,9400635937,320000083,,,,,"Nelson, Fitzpatrick and Jordan",PEEL OFF MASK 100G MORINGA+GOOSEBERRY
90504277,10,S8907367041993,1,PC,401.74,INR,80738093,10,F2,2025-04-02 00:00:00+00:00,True,842.93,320000083,9400000278,ABCD,2025,,,,,A,C,WB05,,,,,,,15500020,2025-04-02 00:00:00+00:00,2983.95,2025-04-02 00:00:00+00:00,9400635936,320000083,,,,,"Nelson, Fitzpatrick and Jordan",Hope 100ml EDP
90504277,20,S8907367042006,1,PC,441.19,INR,80738093,20,F2,2025-04-02 00:00:00+00:00,True,842.93,320000083,9400000278,ABCD,2025,,,,,A,C,WB05,,,,,,,15500020,2025-04-02 00:00:00+00:00,2983.95,2025-04-02 00:00:00+00:00,9400635936,320000083,,,,,"Nelson, Fitzpatrick and Jordan",Destiny 100ml EDP
90504280,10,S8907367003311,1,PC,215.25,INR,80738095,10,F2,2025-04-02 00:00:00+00:00,True,215.25,320000083,9400000281,ABCD,2025,,,,,A,C,WB05,,,,,,,15500020,2025-04-02 00:00:00+00:00,761.97,2025-04-02 00:00:00+00:00,9400635934,320000083,,,,,"Nelson, Fitzpatrick and Jordan",PEEL OFF MASK 100G MORINGA+GOOSEBERRY
90504281,10,S8907367039303,1,PC,473.73,INR,80738096,10,F2,2025-04-02 00:00:00+00:00,True,473.73,320000083,9400000282,ABCD,2025,,,,,A,C,WB05,,,,,,,15500020,2025-04-02 00:00:00+00:00,1677.03,2025-04-02 00:00:00+00:00,9400635933,320000083,,,,,"Nelson, Fitzpatrick and Jordan",ABC HAIR GROWTH SERUM 30ML
90504283,10,S8907367042006,1,PC,464.41,INR,80738097,10,F2,2025-04-02 00:00:00+00:00,True,464.41,320000083,9400000284,ABCD,2025,,,,,A,C,WB05,,,,,,,15500020,2025-04-02 00:00:00+00:00,1644.03,2025-04-02 00:00:00+00:00,9400635932,320000083,,,,,"Nelson, Fitzpatrick and Jordan",Destiny 100ml EDP
90504284,10,S8907367042006,1,PC,464.41,INR,80738098,10,F2,2025-04-02 00:00:00+00:00,True,464.41,320000083,9400000285,ABCD,2025,,,,,A,C,WB05,,,,,,,15500020,2025-04-02 00:00:00+00:00,1644.03,2025-04-02 00:00:00+00:00,9400635931,320000083,,,,,"Nelson, Fitzpatrick and Jordan",Destiny 100ml EDP
90504285,10,S8907367042006,1,PC,464.41,INR,80738099,10,F2,2025-04-02 00:00:00+00:00,True,464.41,320000083,9400000286,ABCD,2025,,,,,A,C,WB05,,,,,,,15500020,2025-04-02 00:00:00+00:00,1644.03,2025-04-02 00:00:00+00:00,9400635930,320000083,,,,,"Nelson, Fitzpatrick and Jordan",Destiny 100ml EDP
90504286,10,S8907367042006,1,PC,464.41,INR,80738100,10,F2,2025-04-02 00:00:00+00:00,True,464.41,320000083,9400000287,ABCD,2025,,,,,A,C,WB05,,,,,,,15500020,2025-04-02 00:00:00+00:00,1644.03,2025-04-02 00:00:00+00:00,9400635929,320000083,,,,,"Nelson, Fitzpatrick and Jordan",Destiny 100ml EDP
90504288,10,S8907367002499,1,PC,205.93,INR,80738101,10,F2,2025-04-02 00:00:00+00:00,True,205.93,320000083,9400000289,ABCD,2025,,,,,A,C,WB05,,,,,,,15500020,2025-04-02 00:00:00+00:00,729.0,2025-04-02 00:00:00+00:00,9400635928,320000083,,,,,"Nelson, Fitzpatrick and Jordan",HAIRWAX 100G SPORTIVO POMADE
90504289,10,S8907367001003,1,PC,216.1,INR,80738102,10,F2,2025-04-02 00:00:00+00:00,True,216.1,320000083,9400000290,ABCD,2025,,,,,A,C,WB05,,,,,,,15500020,2025-04-02 00:00:00+00:00,765.0,2025-04-02 00:00:00+00:00,9400635927,320000083,,,,,"Nelson, Fitzpatrick and Jordan",BEARDOIL 30ML ALMOND+THYME
90504290,10,S8907367001003,1,PC,216.1,INR,80738103,10,F2,2025-04-02 00:00:00+00:00,True,216.1,320000083,9400000291,ABCD,2025,,,,,A,C,WB05,,,,,,,15500020,2025-04-02 00:00:00+00:00,765.0,2025-04-02 00:00:00+00:00,9400635926,320000083,,,,,"Nelson, Fitzpatrick and Jordan",BEARDOIL 30ML ALMOND+THYME
90504292,10,S8907367031635,1,PC,422.03,INR,80738104,10,F2,2025-04-02 00:00:00+00:00,True,422.03,320000083,9400000293,ABCD,2025,,,,,A,C,WB05,,,,,,,15500020,2025-04-02 00:00:00+00:00,1494.0,2025-04-02 00:00:00+00:00,9400635925,320000083,,,,,"Nelson, Fitzpatrick and Jordan",EDP 20ML X 4 A GENTLEMAN'S MOODS
90504293,10,S8907367042006,1,PC,464.41,INR,80738105,10,F2,2025-04-02 00:00:00+00:00,True,464.41,320000083,9400000294,ABCD,2025,,,,,A,C,WB05,,,,,,,15500020,2025-04-02 00:00:00+00:00,1644.03,2025-04-02 00:00:00+00:00,9400635924,320000083,,,,,"Nelson, Fitzpatrick and Jordan",Destiny 100ml EDP
90504295,10,S8907367042006,1,PC,464.41,INR,80738106,10,F2,2025-04-02 00:00:00+00:00,True,464.41,320000083,9400000296,ABCD,2025,,,,,A,C,WB05,,,,,,,15500020,2025-04-02 00:00:00+00:00,1644.03,2025-04-02 00:00:00+00:00,9400635923,320000083,-1644.03,2025-04-02 00:00:00+00:00,2025-04-02 00:00:00+00:00,320000083,"Nelson, Fitzpatrick and Jordan",Destiny 100ml EDP
90504296,10,S8907367020035,1,PC,634.75,INR,80738107,10,F2,2025-04-02 00:00:00+00:00,True,634.75,320000083,9400000297,ABCD,2025,,,,,A,C,WB05,,,,,,,15500020,2025-04-02 00:00:00+00:00,2247.03,2025-04-02 00:00:00+00:00,9400635922,320000083,-2247.03,2025-04-02 00:00:00+00:00,2025-04-02 00:00:00+00:00,320000083,"Nelson, Fitzpatrick and Jordan",EDT 100ML CITRON
90504297,10,S8907367002512,1,PC,215.25,INR,80738108,10,F2,2025-04-02 00:00:00+00:00,True,215.25,320000083,9400000298,ABCD,2025,,,,,A,C,WB05,,,,,,,15500020,2025-04-02 00:00:00+00:00,761.97,2025-04-02 00:00:00+00:00,9400635921,320000083,-761.97,2025-04-02 00:00:00+00:00,2025-04-02 00:00:00+00:00,320000083,"Nelson, Fitzpatrick and Jordan",Machismo Hair cream wax 100GM
90504298,20,S8907367016144,1,PC,0.0,INR,80738109,20,F2,2025-04-02 00:00:00+00:00,True,533.05,320000083,9400000299,ABCD,2025,,,,,A,C,WB05,,,,,,,15500020,2025-04-02 00:00:00+00:00,1886.97,2025-04-02 00:00:00+00:00,9400635920,320000083,-1886.97,2025-04-02 00:00:00+00:00,2025-04-02 00:00:00+00:00,320000083,"Nelson, Fitzpatrick and Jordan",EDT 50ML BLANC
90504298,30,S8907367029021,1,PC,0.0,INR,80738109,30,F2,2025-04-02 00:00:00+00:00,True,533.05,320000083,9400000299,ABCD,2025,,,,,A,C,WB05,,,,,,,15500020,2025-04-02 00:00:00+00:00,1886.97,2025-04-02 00:00:00+00:00,9400635920,320000083,-1886.97,2025-04-02 00:00:00+00:00,2025-04-02 00:00:00+00:00,320000083,"Nelson, Fitzpatrick and Jordan",EDP 50ML FIRE
90504298,40,S8907367010814,1,PC,0.0,INR,80738109,40,F2,2025-04-02 00:00:00+00:00,True,533.05,320000083,9400000299,ABCD,2025,,,,,A,C,WB05,,,,,,,15500020,2025-04-02 00:00:00+00:00,1886.97,2025-04-02 00:00:00+00:00,9400635920,320000083,-1886.97,2025-04-02 00:00:00+00:00,2025-04-02 00:00:00+00:00,320000083,"Nelson, Fitzpatrick and Jordan",EDT 50ML BLACK
90504300,10,S8907367042006,1,PC,464.41,INR,80738110,10,F2,2025-04-02 00:00:00+00:00,True,464.41,320000083,9400000301,ABCD,2025,,,,,A,C,WB05,,,,,,,15500020,2025-04-02 00:00:00+00:00,1644.03,2025-04-02 00:00:00+00:00,9400635919,320000083,-1644.03,2025-04-02 00:00:00+00:00,2025-04-02 00:00:00+00:00,320000083,"Nelson, Fitzpatrick and Jordan",Destiny 100ml EDP
90504301,20,S8907367015277,1,PC,0.0,INR,80738111,20,F2,2025-04-02 00:00:00+00:00,True,1091.53,320000083,9400000302,ABCD,2025,,,,,A,C,WB05,,,,,,,15500020,2025-04-02 00:00:00+00:00,3864.03,2025-04-02 00:00:00+00:00,9400635918,320000083,-3864.03,2025-04-02 00:00:00+00:00,2025-04-02 00:00:00+00:00,320000083,"Nelson, Fitzpatrick and Jordan",EDP 100ML INTENSE
90504301,30,S8907367020035,1,PC,0.0,INR,80738111,30,F2,2025-04-02 00:00:00+00:00,True,1091.53,320000083,9400000302,ABCD,2025,,,,,A,C,WB05,,,,,,,15500020,2025-04-02 00:00:00+00:00,3864.03,2025-04-02 00:00:00+00:00,9400635918,320000083,-3864.03,2025-04-02 00:00:00+00:00,2025-04-02 00:00:00+00:00,320000083,"Nelson, Fitzpatrick and Jordan",EDT 100ML CITRON
90504301,40,S8907367020042,1,PC,0.0,INR,80738111,40,F2,2025-04-02 00:00:00+00:00,True,1091.53,320000083,9400000302,ABCD,2025,,,,,A,C,WB05,,,,,,,15500020,2025-04-02 00:00:00+00:00,3864.03,2025-04-02 00:00:00+00:00,9400635918,320000083,-3864.03,2025-04-02 00:00:00+00:00,2025-04-02 00:00:00+00:00,320000083,"Nelson, Fitzpatrick and Jordan",EDT 100ML JOY
90678701,10,S8907367004448,1,PC,254.0,INR,80754604,10,F2,2025-05-16 00:00:00+00:00,True,254.0,320000082,9400172478,ABCD,2025,,,,,A,C,1301,,,,,,,15500020,2025-05-16 00:00:00+00:00,899.16,2025-05-16 00:00:00+00:00,9400635856,320000082,-899.16,2025-05-16 00:00:00+00:00,2025-05-16 00:00:00+00:00,320000082,Nguyen-Davis,DAILY MOISTURISING CREAM 50G SHEA BUTTER
90504204,10,S8907367013532,1,PC,229.66,INR,80738040,10,F2,2025-04-02 00:00:00+00:00,True,229.66,320000083,9400000205,ABCD,2025,,,,,A,C,WB05,,,,,,,15500020,2025-04-02 00:00:00+00:00,813.0,2025-04-02 00:00:00+00:00,9400635988,320000083,-813.0,2025-04-02 00:00:00+00:00,2025-04-02 00:00:00+00:00,320000083,"Nelson, Fitzpatrick and Jordan",LIPBALM 4G LIGHTNING VIT E
90504206,10,S8907367038122,1,PC,221.19,INR,80738041,10,F2,2025-04-02 00:00:00+00:00,True,221.19,320000083,9400000206,ABCD,2025,,,,,A,C,WB05,,,,,,,15500020,2025-04-02 00:00:00+00:00,783.03,2025-04-02 00:00:00+00:00,9400635987,320000083,-783.03,2025-04-02 00:00:00+00:00,2025-04-02 00:00:00+00:00,320000083,"Nelson, Fitzpatrick and Jordan",GLOW PRO MOISTURISER 50G
90504207,10,S8907367001003,1,PC,250.0,INR,80738042,10,F2,2025-04-02 00:00:00+00:00,True,250.0,320000083,9400000208,ABCD,2025,,,,,A,C,WB05,,,,,,,15500020,2025-04-02 00:00:00+00:00,885.0,2025-04-02 00:00:00+00:00,9400635986,320000083,-885.0,2025-04-02 00:00:00+00:00,2025-04-02 00:00:00+00:00,320000083,"Nelson, Fitzpatrick and Jordan",BEARDOIL 30ML ALMOND+THYME
90504208,10,S8907367002512,1,PC,249.15,INR,80738043,10,F2,2025-04-02 00:00:00+00:00,True,249.15,320000083,9400000209,ABCD,2025,,,,,A,C,WB05,,,,,,,15500020,2025-04-02 00:00:00+00:00,882.0,2025-04-02 00:00:00+00:00,9400635985,320000083,-882.0,2025-04-02 00:00:00+00:00,2025-04-02 00:00:00+00:00,320000083,"Nelson, Fitzpatrick and Jordan",Machismo Hair cream wax 100GM
90504210,10,S8907367039280,1,PC,363.56,INR,80738044,10,F2,2025-04-02 00:00:00+00:00,True,363.56,320000083,9400000211,ABCD,2025,,,,,A,C,WB05,,,,,,,15500020,2025-04-02 00:00:00+00:00,1287.0,2025-04-02 00:00:00+00:00,9400635984,320000083,-1287.0,2025-04-02 00:00:00+00:00,2025-04-02 00:00:00+00:00,320000083,"Nelson, Fitzpatrick and Jordan",SUNSCREEN GEL SPF50-PA+++ 50ML
90504211,10,S8907367039280,1,PC,363.56,INR,80738045,10,F2,2025-04-02 00:00:00+00:00,True,363.56,320000083,9400000212,ABCD,2025,,,,,A,C,WB05,,,,,,,15500020,2025-04-02 00:00:00+00:00,1287.0,2025-04-02 00:00:00+00:00,9400635983,320000083,-1287.0,2025-04-02 00:00:00+00:00,2025-04-02 00:00:00+00:00,320000083,"Nelson, Fitzpatrick and Jordan",SUNSCREEN GEL SPF50-PA+++ 50ML
90504212,10,S8907367039280,1,PC,363.56,INR,80738046,10,F2,2025-04-02 00:00:00+00:00,True,363.56,320000083,9400000213,ABCD,2025,,,,,A,C,WB05,,,,,,,15500020,2025-04-02 00:00:00+00:00,1287.0,2025-04-02 00:00:00+00:00,9400635982,320000083,-1287.0,2025-04-02 00:00:00+00:00,2025-04-02 00:00:00+00:00,320000083,"Nelson, Fitzpatrick and Jordan",SUNSCREEN GEL SPF50-PA+++ 50ML
90504215,10,S8907367039280,1,PC,363.56,INR,80738048,10,F2,2025-04-02 00:00:00+00:00,True,363.56,320000083,9400000216,ABCD,2025,,,,,A,C,WB05,,,,,,,15500020,2025-04-02 00:00:00+00:00,1287.0,2025-04-02 00:00:00+00:00,9400635980,320000083,-1287.0,2025-04-02 00:00:00+00:00,2025-04-02 00:00:00+00:00,320000083,"Nelson, Fitzpatrick and Jordan",SUNSCREEN GEL SPF50-PA+++ 50ML
90504217,10,S8907367039280,1,PC,363.56,INR,80738049,10,F2,2025-04-02 00:00:00+00:00,True,363.56,320000083,9400000218,ABCD,2025,,,,,A,C,WB05,,,,,,,15500020,2025-04-02 00:00:00+00:00,1287.0,2025-04-02 00:00:00+00:00,9400635979,320000083,-1287.0,2025-04-02 00:00:00+00:00,2025-04-02 00:00:00+00:00,320000083,"Nelson, Fitzpatrick and Jordan",SUNSCREEN GEL SPF50-PA+++ 50ML
90504218,10,S8907367039280,1,PC,329.66,INR,80738050,10,F2,2025-04-02 00:00:00+00:00,True,329.66,320000083,9400000219,ABCD,2025,,,,,A,C,WB05,,,,,,,15500020,2025-04-02 00:00:00+00:00,1167.0,2025-04-02 00:00:00+00:00,9400635978,320000083,-1167.0,2025-04-02 00:00:00+00:00,2025-04-02 00:00:00+00:00,320000083,"Nelson, Fitzpatrick and Jordan",SUNSCREEN GEL SPF50-PA+++ 50ML
90504219,10,S8907367008620,1,PC,253.39,INR,80738051,10,F2,2025-04-02 00:00:00+00:00,True,253.39,320000083,9400000220,ABCD,2025,,,,,A,C,WB05,,,,,,,15500020,2025-04-02 00:00:00+00:00,897.03,2025-04-02 00:00:00+00:00,9400635977,320000083,-897.03,2025-04-02 00:00:00+00:00,2025-04-02 00:00:00+00:00,320000083,"Nelson, Fitzpatrick and Jordan",FACESERUM 30ML VIT C
90504221,10,S8907367039280,1,PC,363.56,INR,80738052,10,F2,2025-04-02 00:00:00+00:00,True,363.56,320000083,9400000222,ABCD,2025,,,,,A,C,WB05,,,,,,,15500020,2025-04-02 00:00:00+00:00,1287.0,2025-04-02 00:00:00+00:00,9400635976,320000083,-1287.0,2025-04-02 00:00:00+00:00,2025-04-02 00:00:00+00:00,320000083,"Nelson, Fitzpatrick and Jordan",SUNSCREEN GEL SPF50-PA+++ 50ML
90504222,10,S8907367039280,1,PC,329.66,INR,80738053,10,F2,2025-04-02 00:00:00+00:00,True,329.66,320000083,9400000223,ABCD,2025,,,,,A,C,WB05,,,,,,,15500020,2025-04-02 00:00:00+00:00,1167.0,2025-04-02 00:00:00+00:00,9400635975,320000083,-1167.0,2025-04-02 00:00:00+00:00,2025-04-02 00:00:00+00:00,320000083,"Nelson, Fitzpatrick and Jordan",SUNSCREEN GEL SPF50-PA+++ 50ML
90504223,10,S8907367039280,1,PC,363.56,INR,80738054,10,F2,2025-04-02 00:00:00+00:00,True,363.56,320000083,9400000224,ABCD,2025,,,,,A,C,WB05,,,,,,,15500020,2025-04-02 00:00:00+00:00,1287.0,2025-04-02 00:00:00+00:00,9400635974,320000083,-1287.0,2025-04-02 00:00:00+00:00,2025-04-02 00:00:00+00:00,320000083,"Nelson, Fitzpatrick and Jordan",SUNSCREEN GEL SPF50-PA+++ 50ML
90504225,10,S8907367008620,1,PC,253.39,INR,80738055,10,F2,2025-04-02 00:00:00+00:00,True,253.39,320000083,9400000226,ABCD,2025,,,,,A,C,WB05,,,,,,,15500020,2025-04-02 00:00:00+00:00,897.0,2025-04-02 00:00:00+00:00,9400635973,320000083,-897.0,2025-04-02 00:00:00+00:00,2025-04-02 00:00:00+00:00,320000083,"Nelson, Fitzpatrick and Jordan",FACESERUM 30ML VIT C
90504226,10,S8907367002512,1,PC,215.25,INR,80738056,10,F2,2025-04-02 00:00:00+00:00,True,215.25,320000083,9400000227,ABCD,2025,,,,,A,C,WB05,,,,,,,15500020,2025-04-02 00:00:00+00:00,761.97,2025-04-02 00:00:00+00:00,9400635972,320000083,-761.97,2025-04-02 00:00:00+00:00,2025-04-02 00:00:00+00:00,320000083,"Nelson, Fitzpatrick and Jordan",Machismo Hair cream wax 100GM
90504227,10,S8907367025344,1,PC,185.59,INR,80738057,10,F2,2025-04-02 00:00:00+00:00,True,185.59,320000083,9400000228,ABCD,2025,,,,,A,C,WB05,,,,,,,15500020,2025-04-02 00:00:00+00:00,657.0,2025-04-02 00:00:00+00:00,9400635971,320000083,-657.0,2025-04-02 00:00:00+00:00,2025-04-02 00:00:00+00:00,320000083,"Nelson, Fitzpatrick and Jordan",ROLL-ON DEO 55ML BLANC
90504228,10,S8907367038108,1,PC,208.52,INR,80738058,10,F2,2025-04-02 00:00:00+00:00,True,449.24,320000083,9400000229,ABCD,2025,,,,,A,C,WB05,,,,,,,15500020,2025-04-02 00:00:00+00:00,1590.3,2025-04-02 00:00:00+00:00,9400635970,320000083,-1590.3,2025-04-02 00:00:00+00:00,2025-04-02 00:00:00+00:00,320000083,"Nelson, Fitzpatrick and Jordan",FACEWASH 100ML GLOW PRO
90504228,20,S8907367008620,1,PC,240.72,INR,80738058,20,F2,2025-04-02 00:00:00+00:00,True,449.24,320000083,9400000229,ABCD,2025,,,,,A,C,WB05,,,,,,,15500020,2025-04-02 00:00:00+00:00,1590.3,2025-04-02 00:00:00+00:00,9400635970,320000083,-1590.3,2025-04-02 00:00:00+00:00,2025-04-02 00:00:00+00:00,320000083,"Nelson, Fitzpatrick and Jordan",FACESERUM 30ML VIT C
90504230,10,S8907367008620,1,PC,253.39,INR,80738059,10,F2,2025-04-02 00:00:00+00:00,True,253.39,320000083,9400000231,ABCD,2025,,,,,A,C,WB05,,,,,,,15500020,2025-04-02 00:00:00+00:00,897.03,2025-04-02 00:00:00+00:00,9400635969,320000083,-897.03,2025-04-02 00:00:00+00:00,2025-04-02 00:00:00+00:00,320000083,"Nelson, Fitzpatrick and Jordan",FACESERUM 30ML VIT C
90504231,10,S8907367001003,1,PC,216.1,INR,80738060,10,F2,2025-04-02 00:00:00+00:00,True,216.1,320000083,9400000232,ABCD,2025,,,,,A,C,WB05,,,,,,,15500020,2025-04-02 00:00:00+00:00,765.0,2025-04-02 00:00:00+00:00,9400635968,320000083,-765.0,2025-04-02 00:00:00+00:00,2025-04-02 00:00:00+00:00,320000083,"Nelson, Fitzpatrick and Jordan",BEARDOIL 30ML ALMOND+THYME
90504232,10,S8907367013532,1,PC,179.66,INR,80738061,10,F2,2025-04-02 00:00:00+00:00,True,179.66,320000083,9400000233,ABCD,2025,,,,,A,C,WB05,,,,,,,15500020,2025-04-02 00:00:00+00:00,636.0,2025-04-02 00:00:00+00:00,9400635967,320000083,-636.0,2025-04-02 00:00:00+00:00,2025-04-02 00:00:00+00:00,320000083,"Nelson, Fitzpatrick and Jordan",LIPBALM 4G LIGHTNING VIT E
90504234,10,S8907367004448,1,PC,215.25,INR,80738062,10,F2,2025-04-02 00:00:00+00:00,True,215.25,320000083,9400000235,ABCD,2025,,,,,A,C,WB05,,,,,,,15500020,2025-04-02 00:00:00+00:00,761.97,2025-04-02 00:00:00+00:00,9400635966,320000083,-761.97,2025-04-02 00:00:00+00:00,2025-04-02 00:00:00+00:00,320000083,"Nelson, Fitzpatrick and Jordan",DAILY MOISTURISING CREAM 50G SHEA BUTTER
90504237,10,S8907367028192,1,PC,168.64,INR,80738064,10,F2,2025-04-02 00:00:00+00:00,True,168.64,320000083,9400000238,ABCD,2025,,,,,A,C,WB05,,,,,,,15500020,2025-04-02 00:00:00+00:00,597.0,2025-04-02 00:00:00+00:00,9400635964,320000083,-597.0,2025-04-02 00:00:00+00:00,2025-04-02 00:00:00+00:00,320000083,"Nelson, Fitzpatrick and Jordan",BODYWASH 200ML PATCHOULI+SEA SALT
90504238,10,S8907367008620,1,PC,287.29,INR,80738065,10,F2,2025-04-02 00:00:00+00:00,True,287.29,320000083,9400000239,ABCD,2025,,,,,A,C,WB05,,,,,,,15500020,2025-04-02 00:00:00+00:00,1017.03,2025-04-02 00:00:00+00:00,9400635963,320000083,-1017.03,2025-04-02 00:00:00+00:00,2025-04-02 00:00:00+00:00,320000083,"Nelson, Fitzpatrick and Jordan",FACESERUM 30ML VIT C
90504239,10,S8907367008620,1,PC,253.39,INR,80738066,10,F2,2025-04-02 00:00:00+00:00,True,253.39,320000083,9400000240,ABCD,2025,,,,,A,C,WB05,,,,,,,15500020,2025-04-02 00:00:00+00:00,897.03,2025-04-02 00:00:00+00:00,9400635962,320000083,-897.03,2025-04-02 00:00:00+00:00,2025-04-02 00:00:00+00:00,320000083,"Nelson, Fitzpatrick and Jordan",FACESERUM 30ML VIT C
90504241,10,S8907367013532,1,PC,180.34,INR,80738067,10,F2,2025-04-02 00:00:00+00:00,True,180.34,320000083,9400000241,ABCD,2025,,,,,A,C,WB05,,,,,,,15500020,2025-04-02 00:00:00+00:00,638.4,2025-04-02 00:00:00+00:00,9400635961,320000083,-638.4,2025-04-02 00:00:00+00:00,2025-04-02 00:00:00+00:00,320000083,"Nelson, Fitzpatrick and Jordan",LIPBALM 4G LIGHTNING VIT E
90504242,10,S8907367025344,1,PC,151.69,INR,80738068,10,F2,2025-04-02 00:00:00+00:00,True,151.69,320000083,9400000243,ABCD,2025,,,,,A,C,WB05,,,,,,,15500020,2025-04-02 00:00:00+00:00,536.97,2025-04-02 00:00:00+00:00,9400635960,320000083,-536.97,2025-04-02 00:00:00+00:00,2025-04-02 00:00:00+00:00,320000083,"Nelson, Fitzpatrick and Jordan",ROLL-ON DEO 55ML BLANC
90504243,20,S8907367001836,1,PC,0.0,INR,80738069,20,F2,2025-04-02 00:00:00+00:00,True,2033.65,320000083,9400000244,ABCD,2025,,,,,A,C,WB05,,,,,,,15500020,2025-04-02 00:00:00+00:00,7199.1,2025-04-02 00:00:00+00:00,9400635959,320000083,-7199.1,2025-04-02 00:00:00+00:00,2025-04-02 00:00:00+00:00,320000083,"Nelson, Fitzpatrick and Jordan",BODYWASH 250ML LEMONGRASS CINNAMON
90504243,30,S8907367001874,1,PC,0.0,INR,80738069,30,F2,2025-04-02 00:00:00+00:00,True,2033.65,320000083,9400000244,ABCD,2025,,,,,A,C,WB05,,,,,,,15500020,2025-04-02 00:00:00+00:00,7199.1,2025-04-02 00:00:00+00:00,9400635959,320000083,-7199.1,2025-04-02 00:00:00+00:00,2025-04-02 00:00:00+00:00,320000083,"Nelson, Fitzpatrick and Jordan",FACESCRUB 100G LEMONGRASS+EUCALYPTUS
90504243,40,3001468,1,PC,0.0,INR,80738069,40,F2,2025-04-02 00:00:00+00:00,True,2033.65,320000083,9400000244,ABCD,2025,,,,,A,C,WB05,,,,,,,15500020,2025-04-02 00:00:00+00:00,7199.1,2025-04-02 00:00:00+00:00,9400635959,320000083,-7199.1,2025-04-02 00:00:00+00:00,2025-04-02 00:00:00+00:00,320000083,"Nelson, Fitzpatrick and Jordan",WB-GS CHARCOAL GANG 22.2X24X6.7CM
90504243,50,S8907367001850,1,PC,0.0,INR,80738069,50,F2,2025-04-02 00:00:00+00:00,True,2033.65,320000083,9400000244,ABCD,2025,,,,,A,C,WB05,,,,,,,15500020,2025-04-02 00:00:00+00:00,7199.1,2025-04-02 00:00:00+00:00,9400635959,320000083,-7199.1,2025-04-02 00:00:00+00:00,2025-04-02 00:00:00+00:00,320000083,"Nelson, Fitzpatrick and Jordan",CLEANSING GEL 100ML BLACKPEPPER BERGAMOT
90504243,60,S8907367001843,1,PC,0.0,INR,80738069,60,F2,2025-04-02 00:00:00+00:00,True,2033.65,320000083,9400000244,ABCD,2025,,,,,A,C,WB05,,,,,,,15500020,2025-04-02 00:00:00+00:00,7199.1,2025-04-02 00:00:00+00:00,9400635959,320000083,-7199.1,2025-04-02 00:00:00+00:00,2025-04-02 00:00:00+00:00,320000083,"Nelson, Fitzpatrick and Jordan",SHAMPOO 250ML CHARCOAL PEPPER MINT CLOVE
90504243,70,3001456,1,PC,0.0,INR,80738069,70,F2,2025-04-02 00:00:00+00:00,True,2033.65,320000083,9400000244,ABCD,2025,,,,,A,C,WB05,,,,,,,15500020,2025-04-02 00:00:00+00:00,7199.1,2025-04-02 00:00:00+00:00,9400635959,320000083,-7199.1,2025-04-02 00:00:00+00:00,2025-04-02 00:00:00+00:00,320000083,"Nelson, Fitzpatrick and Jordan",WB-CG CHARCOAL GANG
90504243,80,S8907367001867,1,PC,0.0,INR,80738069,80,F2,2025-04-02 00:00:00+00:00,True,2033.65,320000083,9400000244,ABCD,2025,,,,,A,C,WB05,,,,,,,15500020,2025-04-02 00:00:00+00:00,7199.1,2025-04-02 00:00:00+00:00,9400635959,320000083,-7199.1,2025-04-02 00:00:00+00:00,2025-04-02 00:00:00+00:00,320000083,"Nelson, Fitzpatrick and Jordan",FACEWASH 100ML BOTL YLANG-YLANG ARGAN
90504243,90,S8907367002550,1,PC,0.0,INR,80738069,90,F2,2025-04-02 00:00:00+00:00,True,2033.65,320000083,9400000244,ABCD,2025,,,,,A,C,WB05,,,,,,,15500020,2025-04-02 00:00:00+00:00,7199.1,2025-04-02 00:00:00+00:00,9400635959,320000083,-7199.1,2025-04-02 00:00:00+00:00,2025-04-02 00:00:00+00:00,320000083,"Nelson, Fitzpatrick and Jordan",SOAP 125G CHARCOAL
90504243,100,S8907367038108,1,PC,208.52,INR,80738069,100,F2,2025-04-02 00:00:00+00:00,True,2033.65,320000083,9400000244,ABCD,2025,,,,,A,C,WB05,,,,,,,15500020,2025-04-02 00:00:00+00:00,7199.1,2025-04-02 00:00:00+00:00,9400635959,320000083,-7199.1,2025-04-02 00:00:00+00:00,2025-04-02 00:00:00+00:00,320000083,"Nelson, Fitzpatrick and Jordan",FACEWASH 100ML GLOW PRO
90504243,110,S8907367038122,1,PC,210.13,INR,80738069,110,F2,2025-04-02 00:00:00+00:00,True,2033.65,320000083,9400000244,ABCD,2025,,,,,A,C,WB05,,,,,,,15500020,2025-04-02 00:00:00+00:00,7199.1,2025-04-02 00:00:00+00:00,9400635959,320000083,-7199.1,2025-04-02 00:00:00+00:00,2025-04-02 00:00:00+00:00,320000083,"Nelson, Fitzpatrick and Jordan",GLOW PRO MOISTURISER 50G
90504243,120,S8907367039280,1,PC,313.18,INR,80738069,120,F2,2025-04-02 00:00:00+00:00,True,2033.65,320000083,9400000244,ABCD,2025,,,,,A,C,WB05,,,,,,,15500020,2025-04-02 00:00:00+00:00,7199.1,2025-04-02 00:00:00+00:00,9400635959,320000083,-7199.1,2025-04-02 00:00:00+00:00,2025-04-02 00:00:00+00:00,320000083,"Nelson, Fitzpatrick and Jordan",SUNSCREEN GEL SPF50-PA+++ 50ML
90504245,10,S8907367039280,1,PC,329.66,INR,80738070,10,F2,2025-04-02 00:00:00+00:00,True,329.66,320000083,9400000246,ABCD,2025,,,,,A,C,WB05,,,,,,,15500020,2025-04-02 00:00:00+00:00,1167.0,2025-04-02 00:00:00+00:00,9400635958,320000083,-1167.0,2025-04-02 00:00:00+00:00,2025-04-02 00:00:00+00:00,320000083,"Nelson, Fitzpatrick and Jordan",SUNSCREEN GEL SPF50-PA+++ 50ML
90504246,10,S8907367038122,1,PC,221.19,INR,80738071,10,F2,2025-04-02 00:00:00+00:00,True,221.19,320000083,9400000247,ABCD,2025,,,,,A,C,WB05,,,,,,,15500020,2025-04-02 00:00:00+00:00,783.03,2025-04-02 00:00:00+00:00,9400635957,320000083,-783.03,2025-04-02 00:00:00+00:00,2025-04-02 00:00:00+00:00,320000083,"Nelson, Fitzpatrick and Jordan",GLOW PRO MOISTURISER 50G
90504249,10,S8907367010814,1,PC,320.42,INR,80738073,10,F2,2025-04-02 00:00:00+00:00,True,561.14,320000083,9400000250,ABCD,2025,,,,,A,C,WB05,,,,,,,15500020,2025-04-02 00:00:00+00:00,1986.42,2025-04-02 00:00:00+00:00,9400635956,320000083,-1986.42,2025-04-02 00:00:00+00:00,2025-04-02 00:00:00+00:00,320000083,"Nelson, Fitzpatrick and Jordan",EDT 50ML BLACK
90504249,20,S8907367008620,1,PC,240.72,INR,80738073,20,F2,2025-04-02 00:00:00+00:00,True,561.14,320000083,9400000250,ABCD,2025,,,,,A,C,WB05,,,,,,,15500020,2025-04-02 00:00:00+00:00,1986.42,2025-04-02 00:00:00+00:00,9400635956,320000083,-1986.42,2025-04-02 00:00:00+00:00,2025-04-02 00:00:00+00:00,320000083,"Nelson, Fitzpatrick and Jordan",FACESERUM 30ML VIT C
90504250,10,S8907367041993,1,PC,422.88,INR,80738074,10,F2,2025-04-02 00:00:00+00:00,True,422.88,320000083,9400000251,ABCD,2025,,,,,A,C,WB05,,,,,,,,,,,,,,,,,"Nelson, Fitzpatrick and Jordan",Hope 100ml EDP
90504252,20,S8907367013532,1,PC,0.0,INR,80738075,20,F2,2025-04-02 00:00:00+00:00,True,429.66,320000083,9400000253,ABCD,2025,,,,,A,C,WB05,,,,,,,,,,,,,,,,,"Nelson, Fitzpatrick and Jordan",LIPBALM 4G LIGHTNING VIT E
90504252,30,S8907367014447,1,PC,0.0,INR,80738075,30,F2,2025-04-02 00:00:00+00:00,True,429.66,320000083,9400000253,ABCD,2025,,,,,A,C,WB05,,,,,,,,,,,,,,,,,"Nelson, Fitzpatrick and Jordan",LIPSCRUB 10G LIGHTENING
90504253,20,S8907367035978,1,PC,0.0,INR,80738076,20,F2,2025-04-02 00:00:00+00:00,True,439.83,320000083,9400000254,ABCD,2025,,,,,A,C,WB05,,,,,,,,,,,,,,,,,"Nelson, Fitzpatrick and Jordan",BODYSPRAY 150ML FIRE
90504253,30,S8907367035992,1,PC,0.0,INR,80738076,30,F2,2025-04-02 00:00:00+00:00,True,439.83,320000083,9400000254,ABCD,2025,,,,,A,C,WB05,,,,,,,,,,,,,,,,,"Nelson, Fitzpatrick and Jordan",BODYSPRAY 150ML OUD
90504253,40,S8907367035985,1,PC,0.0,INR,80738076,40,F2,2025-04-02 00:00:00+00:00,True,439.83,320000083,9400000254,ABCD,2025,,,,,A,C,WB05,,,,,,,,,,,,,,,,,"Nelson, Fitzpatrick and Jordan",BODYSPRAY 150ML NIGHT
90504253,50,S8907367035961,1,PC,0.0,INR,80738076,50,F2,2025-04-02 00:00:00+00:00,True,439.83,320000083,9400000254,ABCD,2025,,,,,A,C,WB05,,,,,,,,,,,,,,,,,"Nelson, Fitzpatrick and Jordan",BODYSPRAY 150ML BLANC
90504255,20,S8907367035961,1,PC,0.0,INR,80738077,20,F2,2025-04-02 00:00:00+00:00,True,439.83,320000083,9400000256,ABCD,2025,,,,,A,C,WB05,,,,,,,,,,,,,,,,,"Nelson, Fitzpatrick and Jordan",BODYSPRAY 150ML BLANC
90504255,30,S8907367035978,1,PC,0.0,INR,80738077,30,F2,2025-04-02 00:00:00+00:00,True,439.83,320000083,9400000256,ABCD,2025,,,,,A,C,WB05,,,,,,,,,,,,,,,,,"Nelson, Fitzpatrick and Jordan",BODYSPRAY 150ML FIRE
90504255,40,S8907367035985,1,PC,0.0,INR,80738077,40,F2,2025-04-02 00:00:00+00:00,True,439.83,320000083,9400000256,ABCD,2025,,,,,A,C,WB05,,,,,,,,,,,,,,,,,"Nelson, Fitzpatrick and Jordan",BODYSPRAY 150ML NIGHT
90504255,50,S8907367035992,1,PC,0.0,INR,80738077,50,F2,2025-04-02 00:00:00+00:00,True,439.83,320000083,9400000256,ABCD,2025,,,,,A,C,WB05,,,,,,,,,,,,,,,,,"Nelson, Fitzpatrick and Jordan",BODYSPRAY 150ML OUD
90504256,10,S8907367013532,1,PC,179.66,INR,80738078,10,F2,2025-04-02 00:00:00+00:00,True,179.66,320000083,9400000257,ABCD,2025,,,,,A,C,WB05,,,,,,,,,,,,,,,,,"Nelson, Fitzpatrick and Jordan",LIPBALM 4G LIGHTNING VIT E
90504257,10,S8907367016144,1,PC,375.42,INR,80738079,10,F2,2025-04-02 00:00:00+00:00,True,375.42,320000083,9400000258,ABCD,2025,,,,,A,C,WB05,,,,,,,,,,,,,,,,,"Nelson, Fitzpatrick and Jordan",EDT 50ML BLANC
90504259,10,S8907367008620,1,PC,253.39,INR,80738080,10,F2,2025-04-02 00:00:00+00:00,True,253.39,320000083,9400000260,ABCD,2025,,,,,A,C,WB05,,,,,,,,,,,,,,,,,"Nelson, Fitzpatrick and Jordan",FACESERUM 30ML VIT C
90504260,10,S8907367037156,1,PC,422.03,INR,80738081,10,F2,2025-04-02 00:00:00+00:00,True,422.03,320000083,9400000261,ABCD,2025,,,,,A,C,WB05,,,,,,,,,,,,,,,,,"Nelson, Fitzpatrick and Jordan",EDP 20ML X 4 A GENTLEMAN'S DESIRE
90504262,10,S8907367003380,1,PC,240.72,INR,80738082,10,F2,2025-04-02 00:00:00+00:00,True,843.73,320000083,9400000263,ABCD,2025,,,,,A,C,WB05,,,,,,,,,,,,,,,,,"Nelson, Fitzpatrick and Jordan",AFTERSHAVE 100ML
90504262,20,S8907367020035,1,PC,603.01,INR,80738082,20,F2,2025-04-02 00:00:00+00:00,True,843.73,320000083,9400000263,ABCD,2025,,,,,A,C,WB05,,,,,,,,,,,,,,,,,"Nelson, Fitzpatrick and Jordan",EDT 100ML CITRON
90504265,20,S8907367010814,1,PC,0.0,INR,80738084,20,F2,2025-04-02 00:00:00+00:00,True,761.86,320000083,9400000266,ABCD,2025,,,,,A,C,WB05,,,,,,,,,,,,,,,,,"Nelson, Fitzpatrick and Jordan",EDT 50ML BLACK
90504265,30,S8907367036722,1,PC,0.0,INR,80738084,30,F2,2025-04-02 00:00:00+00:00,True,761.86,320000083,9400000266,ABCD,2025,,,,,A,C,WB05,,,,,,,,,,,,,,,,,"Nelson, Fitzpatrick and Jordan",BLACK POUCH
90504265,40,S8907367029021,1,PC,0.0,INR,80738084,40,F2,2025-04-02 00:00:00+00:00,True,761.86,320000083,9400000266,ABCD,2025,,,,,A,C,WB05,,,,,,,,,,,,,,,,,"Nelson, Fitzpatrick and Jordan",EDP 50ML FIRE
90504265,50,S8907367016144,1,PC,0.0,INR,80738084,50,F2,2025-04-02 00:00:00+00:00,True,761.86,320000083,9400000266,ABCD,2025,,,,,A,C,WB05,,,,,,,,,,,,,,,,,"Nelson, Fitzpatrick and Jordan",EDT 50ML BLANC
90504265,60,S8907367029038,1,PC,0.0,INR,80738084,60,F2,2025-04-02 00:00:00+00:00,True,761.86,320000083,9400000266,ABCD,2025,,,,,A,C,WB05,,,,,,,,,,,,,,,,,"Nelson, Fitzpatrick and Jordan",EDP 50ML NIGHT
90504266,10,S8907367035664,1,PC,422.03,INR,80738085,10,F2,2025-04-02 00:00:00+00:00,True,422.03,320000083,9400000267,ABCD,2025,,,,,A,C,WB05,,,,,,,,,,,,,,,,,"Nelson, Fitzpatrick and Jordan",EDT 100ML BLACK
90504376,10,S8907367038122,1,PC,221.19,INR,80737922,10,F2,2025-04-02 00:00:00+00:00,True,221.19,320000085,9400000376,ABCD,2025,,,,,A,C,MH05,,,,,,,,,,,,,,,,,Hawkins Ltd,GLOW PRO MOISTURISER 50G
90504406,10,S8907367013532,1,PC,179.66,INR,80737921,10,F2,2025-04-02 00:00:00+00:00,True,179.66,320000088,9400000406,ABCD,2025,,,,,A,C,KA05,,,,,,,,,,,,,,,,,Flores-Simmons,LIPBALM 4G LIGHTNING VIT E
90504253,10,B8907367037859,1,PC,439.83,INR,80738076,10,F2,2025-04-02 00:00:00+00:00,True,439.83,320000083,9400000254,ABCD,2025,,,,,A,C,WB05,,,,,,,,,,,,,,,,,"Nelson, Fitzpatrick and Jordan",BODYSPRAY 150ML*4 GIFT SET
90504255,10,B8907367037859,1,PC,439.83,INR,80738077,10,F2,2025-04-02 00:00:00+00:00,True,439.83,320000083,9400000256,ABCD,2025,,,,,A,C,WB05,,,,,,,,,,,,,,,,,"Nelson, Fitzpatrick and Jordan",BODYSPRAY 150ML*4 GIFT SET
90504265,10,B8907367037842,1,PC,761.86,INR,80738084,10,F2,2025-04-02 00:00:00+00:00,True,761.86,320000083,9400000266,ABCD,2025,,,,,A,C,WB05,,,,,,,,,,,,,,,,,"Nelson, Fitzpatrick and Jordan",PREMIUM PERFUME GIFT-50ML*4
90504252,10,B8907367015697,1,PC,429.66,INR,80738075,10,F2,2025-04-02 00:00:00+00:00,True,429.66,320000083,9400000253,ABCD,2025,,,,,A,C,WB05,,,,,,,,,,,,,,,,,"Nelson, Fitzpatrick and Jordan",LIP LIGHTENING COMBO
90504243,10,B8907367002246,1,PC,1301.82,INR,80738069,10,F2,2025-04-02 00:00:00+00:00,True,2033.65,320000083,9400000244,ABCD,2025,,,,,A,C,WB05,,,,,,,15500020,2025-04-02 00:00:00+00:00,7199.1,2025-04-02 00:00:00+00:00,9400635959,320000083,-7199.1,2025-04-02 00:00:00+00:00,2025-04-02 00:00:00+00:00,320000083,"Nelson, Fitzpatrick and Jordan",THE CHARCOAL GANG
90504214,10,B8907367032571,1,PC,272.88,INR,80738047,10,F2,2025-04-02 00:00:00+00:00,True,272.88,320000083,9400000215,ABCD,2025,,,,,A,C,WB05,,,,,,,,,,,,,,,,,"Nelson, Fitzpatrick and Jordan",FACEWASH 100ML DETAN-PACK 2
90504263,10,S8907367008620,2,PC,481.44,INR,80738083,10,F2,2025-04-02 00:00:00+00:00,True,481.44,320000083,9400000264,ABCD,2025,,,,,A,C,WB05,,,,,,,,,,,,,,,,,"Nelson, Fitzpatrick and Jordan",FACESERUM 30ML VIT C
90504214,20,S8907367025412,2,PC,0.0,INR,80738047,20,F2,2025-04-02 00:00:00+00:00,True,272.88,320000083,9400000215,ABCD,2025,,,,,A,C,WB05,,,,,,,,,,,,,,,,,"Nelson, Fitzpatrick and Jordan",FACEWASH 100ML DE-TAN
90504235,10,S8907367026433,2,PC,310.76,INR,80738063,10,F2,2025-04-02 00:00:00+00:00,True,310.76,320000083,9400000236,ABCD,2025,,,,,A,C,WB05,,,,,,,,,,,,,,,,,"Nelson, Fitzpatrick and Jordan",ROLL-ON DEO 55ML BLEU
91150174,10,B8907367037842,1,PC,761.86,INR,80738084,10,S1,2025-04-02 00:00:00+00:00,False,761.86,320000083,9400635945,ABCD,2025,,,,,A,C,WB05,,,,,,,,,,,,,,,,,"Nelson, Fitzpatrick and Jordan",PREMIUM PERFUME GIFT-50ML*4
91150188,10,B8907367002246,1,PC,1301.82,INR,80738069,10,S1,2025-04-02 00:00:00+00:00,False,2033.65,320000083,9400635959,ABCD,2025,,,,,A,C,WB05,,,,,,,15500020,2025-04-02 00:00:00+00:00,-7199.1,2025-04-02 00:00:00+00:00,9400635959,320000083,-7199.1,2025-04-02 00:00:00+00:00,2025-04-02 00:00:00+00:00,320000083,"Nelson, Fitzpatrick and Jordan",THE CHARCOAL GANG
91150188,20,S8907367001836,1,PC,0.0,INR,80738069,20,S1,2025-04-02 00:00:00+00:00,False,2033.65,320000083,9400635959,ABCD,2025,,,,,A,C,WB05,,,,,,,15500020,2025-04-02 00:00:00+00:00,-7199.1,2025-04-02 00:00:00+00:00,9400635959,320000083,-7199.1,2025-04-02 00:00:00+00:00,2025-04-02 00:00:00+00:00,320000083,"Nelson, Fitzpatrick and Jordan",BODYWASH 250ML LEMONGRASS CINNAMON
91150188,30,S8907367001874,1,PC,0.0,INR,80738069,30,S1,2025-04-02 00:00:00+00:00,False,2033.65,320000083,9400635959,ABCD,2025,,,,,A,C,WB05,,,,,,,15500020,2025-04-02 00:00:00+00:00,-7199.1,2025-04-02 00:00:00+00:00,9400635959,320000083,-7199.1,2025-04-02 00:00:00+00:00,2025-04-02 00:00:00+00:00,320000083,"Nelson, Fitzpatrick and Jordan",FACESCRUB 100G LEMONGRASS+EUCALYPTUS
91150188,40,3001468,1,PC,0.0,INR,80738069,40,S1,2025-04-02 00:00:00+00:00,False,2033.65,320000083,9400635959,ABCD,2025,,,,,A,C,WB05,,,,,,,15500020,2025-04-02 00:00:00+00:00,-7199.1,2025-04-02 00:00:00+00:00,9400635959,320000083,-7199.1,2025-04-02 00:00:00+00:00,2025-04-02 00:00:00+00:00,320000083,"Nelson, Fitzpatrick and Jordan",WB-GS CHARCOAL GANG 22.2X24X6.7CM
91150188,50,S8907367001850,1,PC,0.0,INR,80738069,50,S1,2025-04-02 00:00:00+00:00,False,2033.65,320000083,9400635959,ABCD,2025,,,,,A,C,WB05,,,,,,,15500020,2025-04-02 00:00:00+00:00,-7199.1,2025-04-02 00:00:00+00:00,9400635959,320000083,-7199.1,2025-04-02 00:00:00+00:00,2025-04-02 00:00:00+00:00,320000083,"Nelson, Fitzpatrick and Jordan",CLEANSING GEL 100ML BLACKPEPPER BERGAMOT
91150188,60,S8907367001843,1,PC,0.0,INR,80738069,60,S1,2025-04-02 00:00:00+00:00,False,2033.65,320000083,9400635959,ABCD,2025,,,,,A,C,WB05,,,,,,,15500020,2025-04-02 00:00:00+00:00,-7199.1,2025-04-02 00:00:00+00:00,9400635959,320000083,-7199.1,2025-04-02 00:00:00+00:00,2025-04-02 00:00:00+00:00,320000083,"Nelson, Fitzpatrick and Jordan",SHAMPOO 250ML CHARCOAL PEPPER MINT CLOVE
91150188,70,3001456,1,PC,0.0,INR,80738069,70,S1,2025-04-02 00:00:00+00:00,False,2033.65,320000083,9400635959,ABCD,2025,,,,,A,C,WB05,,,,,,,15500020,2025-04-02 00:00:00+00:00,-7199.1,2025-04-02 00:00:00+00:00,9400635959,320000083,-7199.1,2025-04-02 00:00:00+00:00,2025-04-02 00:00:00+00:00,320000083,"Nelson, Fitzpatrick and Jordan",WB-CG CHARCOAL GANG
91150188,80,S8907367001867,1,PC,0.0,INR,80738069,80,S1,2025-04-02 00:00:00+00:00,False,2033.65,320000083,9400635959,ABCD,2025,,,,,A,C,WB05,,,,,,,15500020,2025-04-02 00:00:00+00:00,-7199.1,2025-04-02 00:00:00+00:00,9400635959,320000083,-7199.1,2025-04-02 00:00:00+00:00,2025-04-02 00:00:00+00:00,320000083,"Nelson, Fitzpatrick and Jordan",FACEWASH 100ML BOTL YLANG-YLANG ARGAN
91150188,90,S8907367002550,1,PC,0.0,INR,80738069,90,S1,2025-04-02 00:00:00+00:00,False,2033.65,320000083,9400635959,ABCD,2025,,,,,A,C,WB05,,,,,,,15500020,2025-04-02 00:00:00+00:00,-7199.1,2025-04-02 00:00:00+00:00,9400635959,320000083,-7199.1,2025-04-02 00:00:00+00:00,2025-04-02 00:00:00+00:00,320000083,"Nelson, Fitzpatrick and Jordan",SOAP 125G CHARCOAL
91150188,100,S8907367038108,1,PC,208.52,INR,80738069,100,S1,2025-04-02 00:00:00+00:00,False,2033.65,320000083,9400635959,ABCD,2025,,,,,A,C,WB05,,,,,,,15500020,2025-04-02 00:00:00+00:00,-7199.1,2025-04-02 00:00:00+00:00,9400635959,320000083,-7199.1,2025-04-02 00:00:00+00:00,2025-04-02 00:00:00+00:00,320000083,"Nelson, Fitzpatrick and Jordan",FACEWASH 100ML GLOW PRO
91150188,110,S8907367038122,1,PC,210.13,INR,80738069,110,S1,2025-04-02 00:00:00+00:00,False,2033.65,320000083,9400635959,ABCD,2025,,,,,A,C,WB05,,,,,,,15500020,2025-04-02 00:00:00+00:00,-7199.1,2025-04-02 00:00:00+00:00,9400635959,320000083,-7199.1,2025-04-02 00:00:00+00:00,2025-04-02 00:00:00+00:00,320000083,"Nelson, Fitzpatrick and Jordan",GLOW PRO MOISTURISER 50G
91150188,120,S8907367039280,1,PC,313.18,INR,80738069,120,S1,2025-04-02 00:00:00+00:00,False,2033.65,320000083,9400635959,ABCD,2025,,,,,A,C,WB05,,,,,,,15500020,2025-04-02 00:00:00+00:00,-7199.1,2025-04-02 00:00:00+00:00,9400635959,320000083,-7199.1,2025-04-02 00:00:00+00:00,2025-04-02 00:00:00+00:00,320000083,"Nelson, Fitzpatrick and Jordan",SUNSCREEN GEL SPF50-PA+++ 50ML
91150106,10,S8907367013532,1,PC,179.66,INR,80737921,10,S1,2025-04-02 00:00:00+00:00,False,179.66,320000088,9400635877,ABCD,2025,,,,,A,C,KA05,,,,,,,,,,,,,,,,,Flores-Simmons,LIPBALM 4G LIGHTNING VIT E
91150114,10,S8907367038122,1,PC,221.19,INR,80737922,10,S1,2025-04-02 00:00:00+00:00,False,221.19,320000085,9400635885,ABCD,2025,,,,,A,C,MH05,,,,,,,,,,,,,,,,,Hawkins Ltd,GLOW PRO MOISTURISER 50G
91150173,10,S8907367035664,1,PC,422.03,INR,80738085,10,S1,2025-04-02 00:00:00+00:00,False,422.03,320000083,9400635944,ABCD,2025,,,,,A,C,WB05,,,,,,,,,,,,,,,,,"Nelson, Fitzpatrick and Jordan",EDT 100ML BLACK
91150174,20,S8907367010814,1,PC,0.0,INR,80738084,20,S1,2025-04-02 00:00:00+00:00,False,761.86,320000083,9400635945,ABCD,2025,,,,,A,C,WB05,,,,,,,,,,,,,,,,,"Nelson, Fitzpatrick and Jordan",EDT 50ML BLACK
91150174,30,S8907367036722,1,PC,0.0,INR,80738084,30,S1,2025-04-02 00:00:00+00:00,False,761.86,320000083,9400635945,ABCD,2025,,,,,A,C,WB05,,,,,,,,,,,,,,,,,"Nelson, Fitzpatrick and Jordan",BLACK POUCH
91150174,40,S8907367029021,1,PC,0.0,INR,80738084,40,S1,2025-04-02 00:00:00+00:00,False,761.86,320000083,9400635945,ABCD,2025,,,,,A,C,WB05,,,,,,,,,,,,,,,,,"Nelson, Fitzpatrick and Jordan",EDP 50ML FIRE
91150174,50,S8907367016144,1,PC,0.0,INR,80738084,50,S1,2025-04-02 00:00:00+00:00,False,761.86,320000083,9400635945,ABCD,2025,,,,,A,C,WB05,,,,,,,,,,,,,,,,,"Nelson, Fitzpatrick and Jordan",EDT 50ML BLANC
91150174,60,S8907367029038,1,PC,0.0,INR,80738084,60,S1,2025-04-02 00:00:00+00:00,False,761.86,320000083,9400635945,ABCD,2025,,,,,A,C,WB05,,,,,,,,,,,,,,,,,"Nelson, Fitzpatrick and Jordan",EDP 50ML NIGHT
91150175,10,S8907367008620,2,PC,481.44,INR,80738083,10,S1,2025-04-02 00:00:00+00:00,False,481.44,320000083,9400635946,ABCD,2025,,,,,A,C,WB05,,,,,,,15500020,2025-04-02 00:00:00+00:00,-1704.3,2025-04-02 00:00:00+00:00,9400635946,320000083,-1704.3,2025-04-02 00:00:00+00:00,2025-04-02 00:00:00+00:00,320000083,"Nelson, Fitzpatrick and Jordan",FACESERUM 30ML VIT C
91150176,10,S8907367003380,1,PC,240.72,INR,80738082,10,S1,2025-04-02 00:00:00+00:00,False,843.73,320000083,9400635947,ABCD,2025,,,,,A,C,WB05,,,,,,,15500020,2025-04-02 00:00:00+00:00,-2986.77,2025-04-02 00:00:00+00:00,9400635947,320000083,-2986.77,2025-04-02 00:00:00+00:00,2025-04-02 00:00:00+00:00,320000083,"Nelson, Fitzpatrick and Jordan",AFTERSHAVE 100ML
91150176,20,S8907367020035,1,PC,603.01,INR,80738082,20,S1,2025-04-02 00:00:00+00:00,False,843.73,320000083,9400635947,ABCD,2025,,,,,A,C,WB05,,,,,,,15500020,2025-04-02 00:00:00+00:00,-2986.77,2025-04-02 00:00:00+00:00,9400635947,320000083,-2986.77,2025-04-02 00:00:00+00:00,2025-04-02 00:00:00+00:00,320000083,"Nelson, Fitzpatrick and Jordan",EDT 100ML CITRON
91150177,10,S8907367037156,1,PC,422.03,INR,80738081,10,S1,2025-04-02 00:00:00+00:00,False,422.03,320000083,9400635948,ABCD,2025,,,,,A,C,WB05,,,,,,,15500020,2025-04-02 00:00:00+00:00,-1493.97,2025-04-02 00:00:00+00:00,9400635948,320000083,-1493.97,2025-04-02 00:00:00+00:00,2025-04-02 00:00:00+00:00,320000083,"Nelson, Fitzpatrick and Jordan",EDP 20ML X 4 A GENTLEMAN'S DESIRE
91150178,10,S8907367008620,1,PC,253.39,INR,80738080,10,S1,2025-04-02 00:00:00+00:00,False,253.39,320000083,9400635949,ABCD,2025,,,,,A,C,WB05,,,,,,,15500020,2025-04-02 00:00:00+00:00,-897.03,2025-04-02 00:00:00+00:00,9400635949,320000083,-897.03,2025-04-02 00:00:00+00:00,2025-04-02 00:00:00+00:00,320000083,"Nelson, Fitzpatrick and Jordan",FACESERUM 30ML VIT C
91150179,10,S8907367016144,1,PC,375.42,INR,80738079,10,S1,2025-04-02 00:00:00+00:00,False,375.42,320000083,9400635950,ABCD,2025,,,,,A,C,WB05,,,,,,,15500020,2025-04-02 00:00:00+00:00,-1329.0,2025-04-02 00:00:00+00:00,9400635950,320000083,-1329.0,2025-04-02 00:00:00+00:00,2025-04-02 00:00:00+00:00,320000083,"Nelson, Fitzpatrick and Jordan",EDT 50ML BLANC
91150180,10,S8907367013532,1,PC,179.66,INR,80738078,10,S1,2025-04-02 00:00:00+00:00,False,179.66,320000083,9400635951,ABCD,2025,,,,,A,C,WB05,,,,,,,15500020,2025-04-02 00:00:00+00:00,-636.0,2025-04-02 00:00:00+00:00,9400635951,320000083,-636.0,2025-04-02 00:00:00+00:00,2025-04-02 00:00:00+00:00,320000083,"Nelson, Fitzpatrick and Jordan",LIPBALM 4G LIGHTNING VIT E
91150181,10,B8907367037859,1,PC,439.83,INR,80738077,10,S1,2025-04-02 00:00:00+00:00,False,439.83,320000083,9400635952,ABCD,2025,,,,,A,C,WB05,,,,,,,15500020,2025-04-02 00:00:00+00:00,-1556.97,2025-04-02 00:00:00+00:00,9400635952,320000083,-1556.97,2025-04-02 00:00:00+00:00,2025-04-02 00:00:00+00:00,320000083,"Nelson, Fitzpatrick and Jordan",BODYSPRAY 150ML*4 GIFT SET
91150181,20,S8907367035961,1,PC,0.0,INR,80738077,20,S1,2025-04-02 00:00:00+00:00,False,439.83,320000083,9400635952,ABCD,2025,,,,,A,C,WB05,,,,,,,15500020,2025-04-02 00:00:00+00:00,-1556.97,2025-04-02 00:00:00+00:00,9400635952,320000083,-1556.97,2025-04-02 00:00:00+00:00,2025-04-02 00:00:00+00:00,320000083,"Nelson, Fitzpatrick and Jordan",BODYSPRAY 150ML BLANC
91150181,30,S8907367035978,1,PC,0.0,INR,80738077,30,S1,2025-04-02 00:00:00+00:00,False,439.83,320000083,9400635952,ABCD,2025,,,,,A,C,WB05,,,,,,,15500020,2025-04-02 00:00:00+00:00,-1556.97,2025-04-02 00:00:00+00:00,9400635952,320000083,-1556.97,2025-04-02 00:00:00+00:00,2025-04-02 00:00:00+00:00,320000083,"Nelson, Fitzpatrick and Jordan",BODYSPRAY 150ML FIRE
91150181,40,S8907367035985,1,PC,0.0,INR,80738077,40,S1,2025-04-02 00:00:00+00:00,False,439.83,320000083,9400635952,ABCD,2025,,,,,A,C,WB05,,,,,,,15500020,2025-04-02 00:00:00+00:00,-1556.97,2025-04-02 00:00:00+00:00,9400635952,320000083,-1556.97,2025-04-02 00:00:00+00:00,2025-04-02 00:00:00+00:00,320000083,"Nelson, Fitzpatrick and Jordan",BODYSPRAY 150ML NIGHT
91150181,50,S8907367035992,1,PC,0.0,INR,80738077,50,S1,2025-04-02 00:00:00+00:00,False,439.83,320000083,9400635952,ABCD,2025,,,,,A,C,WB05,,,,,,,15500020,2025-04-02 00:00:00+00:00,-1556.97,2025-04-02 00:00:00+00:00,9400635952,320000083,-1556.97,2025-04-02 00:00:00+00:00,2025-04-02 00:00:00+00:00,320000083,"Nelson, Fitzpatrick and Jordan",BODYSPRAY 150ML OUD
91150182,10,B8907367037859,1,PC,439.83,INR,80738076,10,S1,2025-04-02 00:00:00+00:00,False,439.83,320000083,9400635953,ABCD,2025,,,,,A,C,WB05,,,,,,,15500020,2025-04-02 00:00:00+00:00,-1556.97,2025-04-02 00:00:00+00:00,9400635953,320000083,-1556.97,2025-04-02 00:00:00+00:00,2025-04-02 00:00:00+00:00,320000083,"Nelson, Fitzpatrick and Jordan",BODYSPRAY 150ML*4 GIFT SET
91150182,20,S8907367035978,1,PC,0.0,INR,80738076,20,S1,2025-04-02 00:00:00+00:00,False,439.83,320000083,9400635953,ABCD,2025,,,,,A,C,WB05,,,,,,,15500020,2025-04-02 00:00:00+00:00,-1556.97,2025-04-02 00:00:00+00:00,9400635953,320000083,-1556.97,2025-04-02 00:00:00+00:00,2025-04-02 00:00:00+00:00,320000083,"Nelson, Fitzpatrick and Jordan",BODYSPRAY 150ML FIRE
91150182,30,S8907367035992,1,PC,0.0,INR,80738076,30,S1,2025-04-02 00:00:00+00:00,False,439.83,320000083,9400635953,ABCD,2025,,,,,A,C,WB05,,,,,,,15500020,2025-04-02 00:00:00+00:00,-1556.97,2025-04-02 00:00:00+00:00,9400635953,320000083,-1556.97,2025-04-02 00:00:00+00:00,2025-04-02 00:00:00+00:00,320000083,"Nelson, Fitzpatrick and Jordan",BODYSPRAY 150ML OUD
91150182,40,S8907367035985,1,PC,0.0,INR,80738076,40,S1,2025-04-02 00:00:00+00:00,False,439.83,320000083,9400635953,ABCD,2025,,,,,A,C,WB05,,,,,,,15500020,2025-04-02 00:00:00+00:00,-1556.97,2025-04-02 00:00:00+00:00,9400635953,320000083,-1556.97,2025-04-02 00:00:00+00:00,2025-04-02 00:00:00+00:00,320000083,"Nelson, Fitzpatrick and Jordan",BODYSPRAY 150ML NIGHT
91150182,50,S8907367035961,1,PC,0.0,INR,80738076,50,S1,2025-04-02 00:00:00+00:00,False,439.83,320000083,9400635953,ABCD,2025,,,,,A,C,WB05,,,,,,,15500020,2025-04-02 00:00:00+00:00,-1556.97,2025-04-02 00:00:00+00:00,9400635953,320000083,-1556.97,2025-04-02 00:00:00+00:00,2025-04-02 00:00:00+00:00,320000083,"Nelson, Fitzpatrick and Jordan",BODYSPRAY 150ML BLANC
91150183,10,B8907367015697,1,PC,429.66,INR,80738075,10,S1,2025-04-02 00:00:00+00:00,False,429.66,320000083,9400635954,ABCD,2025,,,,,A,C,WB05,,,,,,,15500020,2025-04-02 00:00:00+00:00,-1521.0,2025-04-02 00:00:00+00:00,9400635954,320000083,-1521.0,2025-04-02 00:00:00+00:00,2025-04-02 00:00:00+00:00,320000083,"Nelson, Fitzpatrick and Jordan",LIP LIGHTENING COMBO
91150183,20,S8907367013532,1,PC,0.0,INR,80738075,20,S1,2025-04-02 00:00:00+00:00,False,429.66,320000083,9400635954,ABCD,2025,,,,,A,C,WB05,,,,,,,15500020,2025-04-02 00:00:00+00:00,-1521.0,2025-04-02 00:00:00+00:00,9400635954,320000083,-1521.0,2025-04-02 00:00:00+00:00,2025-04-02 00:00:00+00:00,320000083,"Nelson, Fitzpatrick and Jordan",LIPBALM 4G LIGHTNING VIT E
91150183,30,S8907367014447,1,PC,0.0,INR,80738075,30,S1,2025-04-02 00:00:00+00:00,False,429.66,320000083,9400635954,ABCD,2025,,,,,A,C,WB05,,,,,,,15500020,2025-04-02 00:00:00+00:00,-1521.0,2025-04-02 00:00:00+00:00,9400635954,320000083,-1521.0,2025-04-02 00:00:00+00:00,2025-04-02 00:00:00+00:00,320000083,"Nelson, Fitzpatrick and Jordan",LIPSCRUB 10G LIGHTENING
91150184,10,S8907367041993,1,PC,422.88,INR,80738074,10,S1,2025-04-02 00:00:00+00:00,False,422.88,320000083,9400635955,ABCD,2025,,,,,A,C,WB05,,,,,,,15500020,2025-04-02 00:00:00+00:00,-1497.0,2025-04-02 00:00:00+00:00,9400635955,320000083,-1497.0,2025-04-02 00:00:00+00:00,2025-04-02 00:00:00+00:00,320000083,"Nelson, Fitzpatrick and Jordan",Hope 100ml EDP
91150185,10,S8907367010814,1,PC,320.42,INR,80738073,10,S1,2025-04-02 00:00:00+00:00,False,561.14,320000083,9400635956,ABCD,2025,,,,,A,C,WB05,,,,,,,15500020,2025-04-02 00:00:00+00:00,-1986.42,2025-04-02 00:00:00+00:00,9400635956,320000083,-1986.42,2025-04-02 00:00:00+00:00,2025-04-02 00:00:00+00:00,320000083,"Nelson, Fitzpatrick and Jordan",EDT 50ML BLACK
91150185,20,S8907367008620,1,PC,240.72,INR,80738073,20,S1,2025-04-02 00:00:00+00:00,False,561.14,320000083,9400635956,ABCD,2025,,,,,A,C,WB05,,,,,,,15500020,2025-04-02 00:00:00+00:00,-1986.42,2025-04-02 00:00:00+00:00,9400635956,320000083,-1986.42,2025-04-02 00:00:00+00:00,2025-04-02 00:00:00+00:00,320000083,"Nelson, Fitzpatrick and Jordan",FACESERUM 30ML VIT C
91150186,10,S8907367038122,1,PC,221.19,INR,80738071,10,S1,2025-04-02 00:00:00+00:00,False,221.19,320000083,9400635957,ABCD,2025,,,,,A,C,WB05,,,,,,,15500020,2025-04-02 00:00:00+00:00,-783.03,2025-04-02 00:00:00+00:00,9400635957,320000083,-783.03,2025-04-02 00:00:00+00:00,2025-04-02 00:00:00+00:00,320000083,"Nelson, Fitzpatrick and Jordan",GLOW PRO MOISTURISER 50G
91150187,10,S8907367039280,1,PC,329.66,INR,80738070,10,S1,2025-04-02 00:00:00+00:00,False,329.66,320000083,9400635958,ABCD,2025,,,,,A,C,WB05,,,,,,,15500020,2025-04-02 00:00:00+00:00,-1167.0,2025-04-02 00:00:00+00:00,9400635958,320000083,-1167.0,2025-04-02 00:00:00+00:00,2025-04-02 00:00:00+00:00,320000083,"Nelson, Fitzpatrick and Jordan",SUNSCREEN GEL SPF50-PA+++ 50ML
91150189,10,S8907367025344,1,PC,151.69,INR,80738068,10,S1,2025-04-02 00:00:00+00:00,False,151.69,320000083,9400635960,ABCD,2025,,,,,A,C,WB05,,,,,,,15500020,2025-04-02 00:00:00+00:00,-536.97,2025-04-02 00:00:00+00:00,9400635960,320000083,-536.97,2025-04-02 00:00:00+00:00,2025-04-02 00:00:00+00:00,320000083,"Nelson, Fitzpatrick and Jordan",ROLL-ON DEO 55ML BLANC
91150190,10,S8907367013532,1,PC,180.34,INR,80738067,10,S1,2025-04-02 00:00:00+00:00,False,180.34,320000083,9400635961,ABCD,2025,,,,,A,C,WB05,,,,,,,15500020,2025-04-02 00:00:00+00:00,-638.4,2025-04-02 00:00:00+00:00,9400635961,320000083,-638.4,2025-04-02 00:00:00+00:00,2025-04-02 00:00:00+00:00,320000083,"Nelson, Fitzpatrick and Jordan",LIPBALM 4G LIGHTNING VIT E
91150191,10,S8907367008620,1,PC,253.39,INR,80738066,10,S1,2025-04-02 00:00:00+00:00,False,253.39,320000083,9400635962,ABCD,2025,,,,,A,C,WB05,,,,,,,15500020,2025-04-02 00:00:00+00:00,-897.03,2025-04-02 00:00:00+00:00,9400635962,320000083,-897.03,2025-04-02 00:00:00+00:00,2025-04-02 00:00:00+00:00,320000083,"Nelson, Fitzpatrick and Jordan",FACESERUM 30ML VIT C
91150192,10,S8907367008620,1,PC,287.29,INR,80738065,10,S1,2025-04-02 00:00:00+00:00,False,287.29,320000083,9400635963,ABCD,2025,,,,,A,C,WB05,,,,,,,15500020,2025-04-02 00:00:00+00:00,-1017.03,2025-04-02 00:00:00+00:00,9400635963,320000083,-1017.03,2025-04-02 00:00:00+00:00,2025-04-02 00:00:00+00:00,320000083,"Nelson, Fitzpatrick and Jordan",FACESERUM 30ML VIT C
91150193,10,S8907367028192,1,PC,168.64,INR,80738064,10,S1,2025-04-02 00:00:00+00:00,False,168.64,320000083,9400635964,ABCD,2025,,,,,A,C,WB05,,,,,,,15500020,2025-04-02 00:00:00+00:00,-597.0,2025-04-02 00:00:00+00:00,9400635964,320000083,-597.0,2025-04-02 00:00:00+00:00,2025-04-02 00:00:00+00:00,320000083,"Nelson, Fitzpatrick and Jordan",BODYWASH 200ML PATCHOULI+SEA SALT
91150194,10,S8907367026433,2,PC,310.76,INR,80738063,10,S1,2025-04-02 00:00:00+00:00,False,310.76,320000083,9400635965,ABCD,2025,,,,,A,C,WB05,,,,,,,15500020,2025-04-02 00:00:00+00:00,-1100.1,2025-04-02 00:00:00+00:00,9400635965,320000083,-1100.1,2025-04-02 00:00:00+00:00,2025-04-02 00:00:00+00:00,320000083,"Nelson, Fitzpatrick and Jordan",ROLL-ON DEO 55ML BLEU
91150195,10,S8907367004448,1,PC,215.25,INR,80738062,10,S1,2025-04-02 00:00:00+00:00,False,215.25,320000083,9400635966,ABCD,2025,,,,,A,C,WB05,,,,,,,15500020,2025-04-02 00:00:00+00:00,-761.97,2025-04-02 00:00:00+00:00,9400635966,320000083,-761.97,2025-04-02 00:00:00+00:00,2025-04-02 00:00:00+00:00,320000083,"Nelson, Fitzpatrick and Jordan",DAILY MOISTURISING CREAM 50G SHEA BUTTER
91150196,10,S8907367013532,1,PC,179.66,INR,80738061,10,S1,2025-04-02 00:00:00+00:00,False,179.66,320000083,9400635967,ABCD,2025,,,,,A,C,WB05,,,,,,,15500020,2025-04-02 00:00:00+00:00,-636.0,2025-04-02 00:00:00+00:00,9400635967,320000083,-636.0,2025-04-02 00:00:00+00:00,2025-04-02 00:00:00+00:00,320000083,"Nelson, Fitzpatrick and Jordan",LIPBALM 4G LIGHTNING VIT E
91150197,10,S8907367001003,1,PC,216.1,INR,80738060,10,S1,2025-04-02 00:00:00+00:00,False,216.1,320000083,9400635968,ABCD,2025,,,,,A,C,WB05,,,,,,,15500020,2025-04-02 00:00:00+00:00,-765.0,2025-04-02 00:00:00+00:00,9400635968,320000083,-765.0,2025-04-02 00:00:00+00:00,2025-04-02 00:00:00+00:00,320000083,"Nelson, Fitzpatrick and Jordan",BEARDOIL 30ML ALMOND+THYME
91150198,10,S8907367008620,1,PC,253.39,INR,80738059,10,S1,2025-04-02 00:00:00+00:00,False,253.39,320000083,9400635969,ABCD,2025,,,,,A,C,WB05,,,,,,,15500020,2025-04-02 00:00:00+00:00,-897.03,2025-04-02 00:00:00+00:00,9400635969,320000083,-897.03,2025-04-02 00:00:00+00:00,2025-04-02 00:00:00+00:00,320000083,"Nelson, Fitzpatrick and Jordan",FACESERUM 30ML VIT C
91150199,10,S8907367038108,1,PC,208.52,INR,80738058,10,S1,2025-04-02 00:00:00+00:00,False,449.24,320000083,9400635970,ABCD,2025,,,,,A,C,WB05,,,,,,,15500020,2025-04-02 00:00:00+00:00,-1590.3,2025-04-02 00:00:00+00:00,9400635970,320000083,-1590.3,2025-04-02 00:00:00+00:00,2025-04-02 00:00:00+00:00,320000083,"Nelson, Fitzpatrick and Jordan",FACEWASH 100ML GLOW PRO
91150199,20,S8907367008620,1,PC,240.72,INR,80738058,20,S1,2025-04-02 00:00:00+00:00,False,449.24,320000083,9400635970,ABCD,2025,,,,,A,C,WB05,,,,,,,15500020,2025-04-02 00:00:00+00:00,-1590.3,2025-04-02 00:00:00+00:00,9400635970,320000083,-1590.3,2025-04-02 00:00:00+00:00,2025-04-02 00:00:00+00:00,320000083,"Nelson, Fitzpatrick and Jordan",FACESERUM 30ML VIT C
91150200,10,S8907367025344,1,PC,185.59,INR,80738057,10,S1,2025-04-02 00:00:00+00:00,False,185.59,320000083,9400635971,ABCD,2025,,,,,A,C,WB05,,,,,,,15500020,2025-04-02 00:00:00+00:00,-657.0,2025-04-02 00:00:00+00:00,9400635971,320000083,-657.0,2025-04-02 00:00:00+00:00,2025-04-02 00:00:00+00:00,320000083,"Nelson, Fitzpatrick and Jordan",ROLL-ON DEO 55ML BLANC
91150201,10,S8907367002512,1,PC,215.25,INR,80738056,10,S1,2025-04-02 00:00:00+00:00,False,215.25,320000083,9400635972,ABCD,2025,,,,,A,C,WB05,,,,,,,15500020,2025-04-02 00:00:00+00:00,-761.97,2025-04-02 00:00:00+00:00,9400635972,320000083,-761.97,2025-04-02 00:00:00+00:00,2025-04-02 00:00:00+00:00,320000083,"Nelson, Fitzpatrick and Jordan",Machismo Hair cream wax 100GM
91150202,10,S8907367008620,1,PC,253.39,INR,80738055,10,S1,2025-04-02 00:00:00+00:00,False,253.39,320000083,9400635973,ABCD,2025,,,,,A,C,WB05,,,,,,,15500020,2025-04-02 00:00:00+00:00,-897.0,2025-04-02 00:00:00+00:00,9400635973,320000083,-897.0,2025-04-02 00:00:00+00:00,2025-04-02 00:00:00+00:00,320000083,"Nelson, Fitzpatrick and Jordan",FACESERUM 30ML VIT C
91150203,10,S8907367039280,1,PC,363.56,INR,80738054,10,S1,2025-04-02 00:00:00+00:00,False,363.56,320000083,9400635974,ABCD,2025,,,,,A,C,WB05,,,,,,,15500020,2025-04-02 00:00:00+00:00,-1287.0,2025-04-02 00:00:00+00:00,9400635974,320000083,-1287.0,2025-04-02 00:00:00+00:00,2025-04-02 00:00:00+00:00,320000083,"Nelson, Fitzpatrick and Jordan",SUNSCREEN GEL SPF50-PA+++ 50ML
91150204,10,S8907367039280,1,PC,329.66,INR,80738053,10,S1,2025-04-02 00:00:00+00:00,False,329.66,320000083,9400635975,ABCD,2025,,,,,A,C,WB05,,,,,,,15500020,2025-04-02 00:00:00+00:00,-1167.0,2025-04-02 00:00:00+00:00,9400635975,320000083,-1167.0,2025-04-02 00:00:00+00:00,2025-04-02 00:00:00+00:00,320000083,"Nelson, Fitzpatrick and Jordan",SUNSCREEN GEL SPF50-PA+++ 50ML
91150205,10,S8907367039280,1,PC,363.56,INR,80738052,10,S1,2025-04-02 00:00:00+00:00,False,363.56,320000083,9400635976,ABCD,2025,,,,,A,C,WB05,,,,,,,15500020,2025-04-02 00:00:00+00:00,-1287.0,2025-04-02 00:00:00+00:00,9400635976,320000083,-1287.0,2025-04-02 00:00:00+00:00,2025-04-02 00:00:00+00:00,320000083,"Nelson, Fitzpatrick and Jordan",SUNSCREEN GEL SPF50-PA+++ 50ML
91150206,10,S8907367008620,1,PC,253.39,INR,80738051,10,S1,2025-04-02 00:00:00+00:00,False,253.39,320000083,9400635977,ABCD,2025,,,,,A,C,WB05,,,,,,,15500020,2025-04-02 00:00:00+00:00,-897.03,2025-04-02 00:00:00+00:00,9400635977,320000083,-897.03,2025-04-02 00:00:00+00:00,2025-04-02 00:00:00+00:00,320000083,"Nelson, Fitzpatrick and Jordan",FACESERUM 30ML VIT C
91150207,10,S8907367039280,1,PC,329.66,INR,80738050,10,S1,2025-04-02 00:00:00+00:00,False,329.66,320000083,9400635978,ABCD,2025,,,,,A,C,WB05,,,,,,,15500020,2025-04-02 00:00:00+00:00,-1167.0,2025-04-02 00:00:00+00:00,9400635978,320000083,-1167.0,2025-04-02 00:00:00+00:00,2025-04-02 00:00:00+00:00,320000083,"Nelson, Fitzpatrick and Jordan",SUNSCREEN GEL SPF50-PA+++ 50ML
91150208,10,S8907367039280,1,PC,363.56,INR,80738049,10,S1,2025-04-02 00:00:00+00:00,False,363.56,320000083,9400635979,ABCD,2025,,,,,A,C,WB05,,,,,,,15500020,2025-04-02 00:00:00+00:00,-1287.0,2025-04-02 00:00:00+00:00,9400635979,320000083,-1287.0,2025-04-02 00:00:00+00:00,2025-04-02 00:00:00+00:00,320000083,"Nelson, Fitzpatrick and Jordan",SUNSCREEN GEL SPF50-PA+++ 50ML
91150209,10,S8907367039280,1,PC,363.56,INR,80738048,10,S1,2025-04-02 00:00:00+00:00,False,363.56,320000083,9400635980,ABCD,2025,,,,,A,C,WB05,,,,,,,15500020,2025-04-02 00:00:00+00:00,-1287.0,2025-04-02 00:00:00+00:00,9400635980,320000083,-1287.0,2025-04-02 00:00:00+00:00,2025-04-02 00:00:00+00:00,320000083,"Nelson, Fitzpatrick and Jordan",SUNSCREEN GEL SPF50-PA+++ 50ML
91150210,10,B8907367032571,1,PC,272.88,INR,80738047,10,S1,2025-04-02 00:00:00+00:00,False,272.88,320000083,9400635981,ABCD,2025,,,,,A,C,WB05,,,,,,,15500020,2025-04-02 00:00:00+00:00,-966.0,2025-04-02 00:00:00+00:00,9400635981,320000083,-966.0,2025-04-02 00:00:00+00:00,2025-04-02 00:00:00+00:00,320000083,"Nelson, Fitzpatrick and Jordan",FACEWASH 100ML DETAN-PACK 2
91150210,20,S8907367025412,2,PC,0.0,INR,80738047,20,S1,2025-04-02 00:00:00+00:00,False,272.88,320000083,9400635981,ABCD,2025,,,,,A,C,WB05,,,,,,,15500020,2025-04-02 00:00:00+00:00,-966.0,2025-04-02 00:00:00+00:00,9400635981,320000083,-966.0,2025-04-02 00:00:00+00:00,2025-04-02 00:00:00+00:00,320000083,"Nelson, Fitzpatrick and Jordan",FACEWASH 100ML DE-TAN
91150211,10,S8907367039280,1,PC,363.56,INR,80738046,10,S1,2025-04-02 00:00:00+00:00,False,363.56,320000083,9400635982,ABCD,2025,,,,,A,C,WB05,,,,,,,15500020,2025-04-02 00:00:00+00:00,-1287.0,2025-04-02 00:00:00+00:00,9400635982,320000083,-1287.0,2025-04-02 00:00:00+00:00,2025-04-02 00:00:00+00:00,320000083,"Nelson, Fitzpatrick and Jordan",SUNSCREEN GEL SPF50-PA+++ 50ML
91150212,10,S8907367039280,1,PC,363.56,INR,80738045,10,S1,2025-04-02 00:00:00+00:00,False,363.56,320000083,9400635983,ABCD,2025,,,,,A,C,WB05,,,,,,,15500020,2025-04-02 00:00:00+00:00,-1287.0,2025-04-02 00:00:00+00:00,9400635983,320000083,-1287.0,2025-04-02 00:00:00+00:00,2025-04-02 00:00:00+00:00,320000083,"Nelson, Fitzpatrick and Jordan",SUNSCREEN GEL SPF50-PA+++ 50ML
91150213,10,S8907367039280,1,PC,363.56,INR,80738044,10,S1,2025-04-02 00:00:00+00:00,False,363.56,320000083,9400635984,ABCD,2025,,,,,A,C,WB05,,,,,,,15500020,2025-04-02 00:00:00+00:00,-1287.0,2025-04-02 00:00:00+00:00,9400635984,320000083,-1287.0,2025-04-02 00:00:00+00:00,2025-04-02 00:00:00+00:00,320000083,"Nelson, Fitzpatrick and Jordan",SUNSCREEN GEL SPF50-PA+++ 50ML
91150214,10,S8907367002512,1,PC,249.15,INR,80738043,10,S1,2025-04-02 00:00:00+00:00,False,249.15,320000083,9400635985,ABCD,2025,,,,,A,C,WB05,,,,,,,15500020,2025-04-02 00:00:00+00:00,-882.0,2025-04-02 00:00:00+00:00,9400635985,320000083,-882.0,2025-04-02 00:00:00+00:00,2025-04-02 00:00:00+00:00,320000083,"Nelson, Fitzpatrick and Jordan",Machismo Hair cream wax 100GM
91150215,10,S8907367001003,1,PC,250.0,INR,80738042,10,S1,2025-04-02 00:00:00+00:00,False,250.0,320000083,9400635986,ABCD,2025,,,,,A,C,WB05,,,,,,,15500020,2025-04-02 00:00:00+00:00,-885.0,2025-04-02 00:00:00+00:00,9400635986,320000083,-885.0,2025-04-02 00:00:00+00:00,2025-04-02 00:00:00+00:00,320000083,"Nelson, Fitzpatrick and Jordan",BEARDOIL 30ML ALMOND+THYME
91150216,10,S8907367038122,1,PC,221.19,INR,80738041,10,S1,2025-04-02 00:00:00+00:00,False,221.19,320000083,9400635987,ABCD,2025,,,,,A,C,WB05,,,,,,,15500020,2025-04-02 00:00:00+00:00,-783.03,2025-04-02 00:00:00+00:00,9400635987,320000083,-783.03,2025-04-02 00:00:00+00:00,2025-04-02 00:00:00+00:00,320000083,"Nelson, Fitzpatrick and Jordan",GLOW PRO MOISTURISER 50G
91150217,10,S8907367013532,1,PC,229.66,INR,80738040,10,S1,2025-04-02 00:00:00+00:00,False,229.66,320000083,9400635988,ABCD,2025,,,,,A,C,WB05,,,,,,,15500020,2025-04-02 00:00:00+00:00,-813.0,2025-04-02 00:00:00+00:00,9400635988,320000083,-813.0,2025-04-02 00:00:00+00:00,2025-04-02 00:00:00+00:00,320000083,"Nelson, Fitzpatrick and Jordan",LIPBALM 4G LIGHTNING VIT E
