salesOrder,salesOrderItem,salesOrderItemCategory,material,requestedQuantity,requestedQuantityUnit,transactionCurrency_item,netAmount,materialGroup,productionPlant,storageLocation,salesDocumentRjcnReason,itemBillingBlockReason,salesOrderType,salesOrganization,distributionChannel,organizationDivision,salesGroup,salesOffice,soldToParty,creationDate,createdByUser,lastChangeDateTime,totalNetAmount,overallDeliveryStatus,overallOrdReltdBillgStatus,overallSdDocReferenceStatus,transactionCurrency_header,pricingDate,requestedDeliveryDate,headerBillingBlockReason,deliveryBlockReason,incotermsClassification,incotermsLocation1,customerPaymentTerms,totalCreditCheckStatus,scheduleLine,confirmedDeliveryDate,orderQuantityUnit,confdOrderQtyByMatlAvailCheck
740506,10,TAN,S8907367001003,48,PC,INR,9966.1,ZFG1001,1920,V2S2,,,OR,ABCD,05,99,,,310000108,2025-03-31 00:00:00+00:00,USER786,2025-03-31 06:42:38.786000+00:00,17108.25,C,,,INR,2025-03-31 00:00:00+00:00,2025-03-31 00:00:00+00:00,,,FOR,Millerborough,Z009,,1,2025-03-31 00:00:00+00:00,PC,48
740506,20,TAN,S8907367000327,10,PC,INR,2366.95,ZFG1001,1920,V2S2,,,OR,ABCD,05,99,,,310000108,2025-03-31 00:00:00+00:00,USER786,2025-03-31 06:42:38.786000+00:00,17108.25,C,,,INR,2025-03-31 00:00:00+00:00,2025-03-31 00:00:00+00:00,,,FOR,Millerborough,Z009,,1,2025-03-31 00:00:00+00:00,PC,10
740506,30,TAN,S8907367020073,8,PC,INR,1181.69,ZFG1001,1920,V2S2,,,OR,ABCD,05,99,,,310000108,2025-03-31 00:00:00+00:00,USER786,2025-03-31 06:42:38.786000+00:00,17108.25,C,,,INR,2025-03-31 00:00:00+00:00,2025-03-31 00:00:00+00:00,,,FOR,Millerborough,Z009,,1,2025-03-31 00:00:00+00:00,PC,8
740506,40,TAN,S8907367025344,4,PC,INR,709.49,ZFG1001,1920,V2S2,,,OR,ABCD,05,99,,,310000108,2025-03-31 00:00:00+00:00,USER786,2025-03-31 06:42:38.786000+00:00,17108.25,C,,,INR,2025-03-31 00:00:00+00:00,2025-03-31 00:00:00+00:00,,,FOR,Millerborough,Z009,,1,2025-03-31 00:00:00+00:00,PC,4
740506,50,TAN,S8907367035664,11,PC,INR,2884.02,ZFG1001,1920,V2S2,,,OR,ABCD,05,99,,,310000108,2025-03-31 00:00:00+00:00,USER786,2025-03-31 06:42:38.786000+00:00,17108.25,C,,,INR,2025-03-31 00:00:00+00:00,2025-03-31 00:00:00+00:00,,,FOR,Millerborough,Z009,,1,2025-03-31 00:00:00+00:00,PC,11
740507,10,TAN,S8907367001003,24,PC,INR,4983.05,ZFG1001,1920,V2S2,,,OR,ABCD,05,99,,,310000109,2025-03-31 00:00:00+00:00,USER786,2025-03-31 06:44:15.356000+00:00,19021.27,C,,,INR,2025-03-31 00:00:00+00:00,2025-03-31 00:00:00+00:00,,,FOR,Millerborough,Z009,,1,2025-03-31 00:00:00+00:00,PC,24
740507,20,TAN,S8907367000327,15,PC,INR,3550.42,ZFG1001,1920,V2S2,,,OR,ABCD,05,99,,,310000109,2025-03-31 00:00:00+00:00,USER786,2025-03-31 06:44:15.356000+00:00,19021.27,C,,,INR,2025-03-31 00:00:00+00:00,2025-03-31 00:00:00+00:00,,,FOR,Millerborough,Z009,,1,2025-03-31 00:00:00+00:00,PC,15
740507,30,TAN,S8907367025344,34,PC,INR,6030.68,ZFG1001,1920,V2S2,,,OR,ABCD,05,99,,,310000109,2025-03-31 00:00:00+00:00,USER786,2025-03-31 06:44:15.356000+00:00,19021.27,C,,,INR,2025-03-31 00:00:00+00:00,2025-03-31 00:00:00+00:00,,,FOR,Millerborough,Z009,,1,2025-03-31 00:00:00+00:00,PC,34
740507,40,TAN,S8907367035664,17,PC,INR,4457.12,ZFG1001,1920,V2S2,,,OR,ABCD,05,99,,,310000109,2025-03-31 00:00:00+00:00,USER786,2025-03-31 06:44:15.356000+00:00,19021.27,C,,,INR,2025-03-31 00:00:00+00:00,2025-03-31 00:00:00+00:00,,,FOR,Millerborough,Z009,,1,2025-03-31 00:00:00+00:00,PC,17
740508,10,TAN,S8907367001003,1,PC,INR,207.63,ZFG1001,1920,V2S2,,,OR,ABCD,05,99,,,310000109,2025-03-31 00:00:00+00:00,USER786,2025-03-31 11:07:27.454000+00:00,883.88,C,,,INR,2025-03-31 00:00:00+00:00,2025-03-31 00:00:00+00:00,,,FOR,Millerborough,Z009,,1,2025-03-31 00:00:00+00:00,PC,1
740508,20,TAN,S8907367000327,1,PC,INR,236.69,ZFG1001,1920,V2S2,,,OR,ABCD,05,99,,,310000109,2025-03-31 00:00:00+00:00,USER786,2025-03-31 11:07:27.454000+00:00,883.88,C,,,INR,2025-03-31 00:00:00+00:00,2025-03-31 00:00:00+00:00,,,FOR,Millerborough,Z009,,1,2025-03-31 00:00:00+00:00,PC,1
740508,30,TAN,S8907367025344,1,PC,INR,177.37,ZFG1001,1920,V2S2,,,OR,ABCD,05,99,,,310000109,2025-03-31 00:00:00+00:00,USER786,2025-03-31 11:07:27.454000+00:00,883.88,C,,,INR,2025-03-31 00:00:00+00:00,2025-03-31 00:00:00+00:00,,,FOR,Millerborough,Z009,,1,2025-03-31 00:00:00+00:00,PC,1
740508,40,TAN,S8907367035664,1,PC,INR,262.19,ZFG1001,1920,V2S2,,,OR,ABCD,05,99,,,310000109,2025-03-31 00:00:00+00:00,USER786,2025-03-31 11:07:27.454000+00:00,883.88,C,,,INR,2025-03-31 00:00:00+00:00,2025-03-31 00:00:00+00:00,,,FOR,Millerborough,Z009,,1,2025-03-31 00:00:00+00:00,PC,1
740509,10,TAN,S8907367013532,1,PC,INR,229.66,ZFG1001,WB05,5101,,,OR,ABCD,11,99,,,320000083,2025-04-02 00:00:00+00:00,USER737,2025-04-02 04:39:58.854000+00:00,229.66,C,,,INR,2025-04-02 00:00:00+00:00,2025-04-02 00:00:00+00:00,,,FOR,Lake David,Z001,,1,2025-04-02 00:00:00+00:00,PC,1
740510,10,TAN,S8907367038122,1,PC,INR,221.19,ZFG1001,WB05,5101,,,OR,ABCD,11,99,,,320000083,2025-04-02 00:00:00+00:00,USER737,2025-04-02 04:40:14.623000+00:00,221.19,C,,,INR,2025-04-02 00:00:00+00:00,2025-04-02 00:00:00+00:00,,,FOR,Lake David,Z001,,1,2025-04-02 00:00:00+00:00,PC,1
740511,10,TAN,S8907367001003,1,PC,INR,250.0,ZFG1001,WB05,5101,,,OR,ABCD,11,99,,,320000083,2025-04-02 00:00:00+00:00,USER737,2025-04-02 04:40:22.270000+00:00,250.0,C,,,INR,2025-04-02 00:00:00+00:00,2025-04-02 00:00:00+00:00,,,FOR,Lake David,Z001,,1,2025-04-02 00:00:00+00:00,PC,1
740512,10,TAN,S8907367002512,1,PC,INR,249.15,ZFG1001,WB05,5101,,,OR,ABCD,11,99,,,320000083,2025-04-02 00:00:00+00:00,USER737,2025-04-02 04:40:26.158000+00:00,249.15,C,,,INR,2025-04-02 00:00:00+00:00,2025-04-02 00:00:00+00:00,,,FOR,Lake David,Z001,,1,2025-04-02 00:00:00+00:00,PC,1
740513,10,TAN,S8907367039280,1,PC,INR,363.56,ZFG1001,WB05,5101,,,OR,ABCD,11,99,,,320000083,2025-04-02 00:00:00+00:00,USER737,2025-04-02 04:40:33.724000+00:00,363.56,C,,,INR,2025-04-02 00:00:00+00:00,2025-04-02 00:00:00+00:00,,,FOR,Lake David,Z001,,1,2025-04-02 00:00:00+00:00,PC,1
740514,10,TAN,S8907367039280,1,PC,INR,363.56,ZFG1001,WB05,5101,,,OR,ABCD,11,99,,,320000083,2025-04-02 00:00:00+00:00,USER737,2025-04-02 04:40:39.147000+00:00,363.56,C,,,INR,2025-04-02 00:00:00+00:00,2025-04-02 00:00:00+00:00,,,FOR,Lake David,Z001,,1,2025-04-02 00:00:00+00:00,PC,1
740515,10,TAN,S8907367039280,1,PC,INR,363.56,ZFG1001,WB05,5101,,,OR,ABCD,11,99,,,320000083,2025-04-02 00:00:00+00:00,USER737,2025-04-02 04:40:44.660000+00:00,363.56,C,,,INR,2025-04-02 00:00:00+00:00,2025-04-02 00:00:00+00:00,,,FOR,Lake David,Z001,,1,2025-04-02 00:00:00+00:00,PC,1
740516,10,TAN,B8907367032571,1,PC,INR,272.88,ZFG1001,WB05,5101,,,OR,ABCD,11,99,,,320000083,2025-04-02 00:00:00+00:00,USER737,2025-04-02 04:40:49.102000+00:00,272.88,C,,,INR,2025-04-02 00:00:00+00:00,2025-04-02 00:00:00+00:00,,,FOR,Lake David,Z001,,1,2025-04-02 00:00:00+00:00,PC,1
740516,20,TAN,S8907367025412,2,PC,INR,0.0,ZFG1001,WB05,5101,,,OR,ABCD,11,99,,,320000083,2025-04-02 00:00:00+00:00,USER737,2025-04-02 04:40:49.102000+00:00,272.88,C,,,INR,2025-04-02 00:00:00+00:00,2025-04-02 00:00:00+00:00,,,FOR,Lake David,Z001,,1,2025-04-02 00:00:00+00:00,PC,2
740517,10,TAN,S8907367039280,1,PC,INR,363.56,ZFG1001,WB05,5101,,,OR,ABCD,11,99,,,320000083,2025-04-02 00:00:00+00:00,USER737,2025-04-02 04:40:55.322000+00:00,363.56,C,,,INR,2025-04-02 00:00:00+00:00,2025-04-02 00:00:00+00:00,,,FOR,Lake David,Z001,,1,2025-04-02 00:00:00+00:00,PC,1
740518,10,TAN,S8907367039280,1,PC,INR,363.56,ZFG1001,WB05,5101,,,OR,ABCD,11,99,,,320000083,2025-04-02 00:00:00+00:00,USER737,2025-04-02 04:41:01.131000+00:00,363.56,C,,,INR,2025-04-02 00:00:00+00:00,2025-04-02 00:00:00+00:00,,,FOR,Lake David,Z001,,1,2025-04-02 00:00:00+00:00,PC,1
740519,10,TAN,S8907367039280,1,PC,INR,329.66,ZFG1001,WB05,5101,,,OR,ABCD,11,99,,,320000083,2025-04-02 00:00:00+00:00,USER737,2025-04-02 04:41:04.813000+00:00,329.66,C,,,INR,2025-04-02 00:00:00+00:00,2025-04-02 00:00:00+00:00,,,FOR,Lake David,Z001,,1,2025-04-02 00:00:00+00:00,PC,1
740520,10,TAN,S8907367008620,1,PC,INR,253.39,ZFG1001,WB05,5101,,,OR,ABCD,11,99,,,320000083,2025-04-02 00:00:00+00:00,USER737,2025-04-02 04:41:09.116000+00:00,253.39,C,,,INR,2025-04-02 00:00:00+00:00,2025-04-02 00:00:00+00:00,,,FOR,Lake David,Z001,,1,2025-04-02 00:00:00+00:00,PC,1
740521,10,TAN,S8907367039280,1,PC,INR,363.56,ZFG1001,WB05,5101,,,OR,ABCD,11,99,,,320000083,2025-04-02 00:00:00+00:00,USER737,2025-04-02 04:41:14.573000+00:00,363.56,C,,,INR,2025-04-02 00:00:00+00:00,2025-04-02 00:00:00+00:00,,,FOR,Lake David,Z001,,1,2025-04-02 00:00:00+00:00,PC,1
740522,10,TAN,S8907367039280,1,PC,INR,329.66,ZFG1001,WB05,5101,,,OR,ABCD,11,99,,,320000083,2025-04-02 00:00:00+00:00,USER737,2025-04-02 04:41:18.526000+00:00,329.66,C,,,INR,2025-04-02 00:00:00+00:00,2025-04-02 00:00:00+00:00,,,FOR,Lake David,Z001,,1,2025-04-02 00:00:00+00:00,PC,1
740523,10,TAN,S8907367039280,1,PC,INR,363.56,ZFG1001,WB05,5101,,,OR,ABCD,11,99,,,320000083,2025-04-02 00:00:00+00:00,USER737,2025-04-02 04:41:22.717000+00:00,363.56,C,,,INR,2025-04-02 00:00:00+00:00,2025-04-02 00:00:00+00:00,,,FOR,Lake David,Z001,,1,2025-04-02 00:00:00+00:00,PC,1
740524,10,TAN,S8907367008620,1,PC,INR,253.39,ZFG1001,WB05,5101,,,OR,ABCD,11,99,,,320000083,2025-04-02 00:00:00+00:00,USER737,2025-04-02 04:41:26.362000+00:00,253.39,C,,,INR,2025-04-02 00:00:00+00:00,2025-04-02 00:00:00+00:00,,,FOR,Lake David,Z001,,1,2025-04-02 00:00:00+00:00,PC,1
740525,10,TAN,S8907367002512,1,PC,INR,215.25,ZFG1001,WB05,5101,,,OR,ABCD,11,99,,,320000083,2025-04-02 00:00:00+00:00,USER737,2025-04-02 04:41:33.477000+00:00,215.25,C,,,INR,2025-04-02 00:00:00+00:00,2025-04-02 00:00:00+00:00,,,FOR,Lake David,Z001,,1,2025-04-02 00:00:00+00:00,PC,1
740526,10,TAN,S8907367025344,1,PC,INR,185.59,ZFG1001,WB05,5101,,,OR,ABCD,11,99,,,320000083,2025-04-02 00:00:00+00:00,USER737,2025-04-02 04:41:38.804000+00:00,185.59,C,,,INR,2025-04-02 00:00:00+00:00,2025-04-02 00:00:00+00:00,,,FOR,Lake David,Z001,,1,2025-04-02 00:00:00+00:00,PC,1
740527,10,TAN,S8907367038108,1,PC,INR,208.52,ZFG1001,WB05,5101,,,OR,ABCD,11,99,,,320000083,2025-04-02 00:00:00+00:00,USER737,2025-04-02 04:41:42.911000+00:00,449.24,C,,,INR,2025-04-02 00:00:00+00:00,2025-04-02 00:00:00+00:00,,,FOR,Lake David,Z001,,1,2025-04-02 00:00:00+00:00,PC,1
740527,20,TAN,S8907367008620,1,PC,INR,240.72,ZFG1001,WB05,5101,,,OR,ABCD,11,99,,,320000083,2025-04-02 00:00:00+00:00,USER737,2025-04-02 04:41:42.911000+00:00,449.24,C,,,INR,2025-04-02 00:00:00+00:00,2025-04-02 00:00:00+00:00,,,FOR,Lake David,Z001,,1,2025-04-02 00:00:00+00:00,PC,1
740528,10,TAN,S8907367008620,1,PC,INR,253.39,ZFG1001,WB05,5101,,,OR,ABCD,11,99,,,320000083,2025-04-02 00:00:00+00:00,USER737,2025-04-02 04:41:46.837000+00:00,253.39,C,,,INR,2025-04-02 00:00:00+00:00,2025-04-02 00:00:00+00:00,,,FOR,Lake David,Z001,,1,2025-04-02 00:00:00+00:00,PC,1
740529,10,TAN,S8907367001003,1,PC,INR,216.1,ZFG1001,WB05,5101,,,OR,ABCD,11,99,,,320000083,2025-04-02 00:00:00+00:00,USER737,2025-04-02 04:41:50.899000+00:00,216.1,C,,,INR,2025-04-02 00:00:00+00:00,2025-04-02 00:00:00+00:00,,,FOR,Lake David,Z001,,1,2025-04-02 00:00:00+00:00,PC,1
740530,10,TAN,S8907367013532,1,PC,INR,179.66,ZFG1001,WB05,5101,,,OR,ABCD,11,99,,,320000083,2025-04-02 00:00:00+00:00,USER737,2025-04-02 04:41:56.328000+00:00,179.66,C,,,INR,2025-04-02 00:00:00+00:00,2025-04-02 00:00:00+00:00,,,FOR,Lake David,Z001,,1,2025-04-02 00:00:00+00:00,PC,1
740531,10,TAN,S8907367004448,1,PC,INR,215.25,ZFG1001,WB05,5101,,,OR,ABCD,11,99,,,320000083,2025-04-02 00:00:00+00:00,USER737,2025-04-02 04:42:02.063000+00:00,215.25,C,,,INR,2025-04-02 00:00:00+00:00,2025-04-02 00:00:00+00:00,,,FOR,Lake David,Z001,,1,2025-04-02 00:00:00+00:00,PC,1
740532,10,TAN,S8907367013587,1,PC,INR,167.0,ZFG1001,1301,5095,,,OR,ABCD,11,99,,,320000082,2025-04-02 00:00:00+00:00,USER737,2025-04-07 05:45:51.187000+00:00,167.0,C,,,INR,2025-04-02 00:00:00+00:00,2025-04-02 00:00:00+00:00,,,FOR,Lake David,Z001,,1,,PC,0
740532,10,TAN,S8907367013587,1,PC,INR,167.0,ZFG1001,1301,5095,,,OR,ABCD,11,99,,,320000082,2025-04-02 00:00:00+00:00,USER737,2025-04-07 05:45:51.187000+00:00,167.0,C,,,INR,2025-04-02 00:00:00+00:00,2025-04-02 00:00:00+00:00,,,FOR,Lake David,Z001,,2,2025-04-07 00:00:00+00:00,PC,1
740533,10,TAN,B8907367022152,1,PC,INR,382.9,ZFG1001,1301,5095,,,OR,ABCD,11,99,,,320000082,2025-04-02 00:00:00+00:00,USER737,2025-04-07 07:49:34.972000+00:00,382.9,C,,,INR,2025-04-02 00:00:00+00:00,2025-04-02 00:00:00+00:00,,,FOR,Lake David,Z001,,1,,PC,0
740533,10,TAN,B8907367022152,1,PC,INR,382.9,ZFG1001,1301,5095,,,OR,ABCD,11,99,,,320000082,2025-04-02 00:00:00+00:00,USER737,2025-04-07 07:49:34.972000+00:00,382.9,C,,,INR,2025-04-02 00:00:00+00:00,2025-04-02 00:00:00+00:00,,,FOR,Lake David,Z001,,2,2025-04-07 00:00:00+00:00,PC,1
740533,20,TAN,S8907367011866,2,PC,INR,0.0,ZFG1001,1301,5095,,,OR,ABCD,11,99,,,320000082,2025-04-02 00:00:00+00:00,USER737,2025-04-07 07:49:34.972000+00:00,382.9,C,,,INR,2025-04-02 00:00:00+00:00,2025-04-02 00:00:00+00:00,,,FOR,Lake David,Z001,,1,,PC,0
740533,20,TAN,S8907367011866,2,PC,INR,0.0,ZFG1001,1301,5095,,,OR,ABCD,11,99,,,320000082,2025-04-02 00:00:00+00:00,USER737,2025-04-07 07:49:34.972000+00:00,382.9,C,,,INR,2025-04-02 00:00:00+00:00,2025-04-02 00:00:00+00:00,,,FOR,Lake David,Z001,,2,2025-04-07 00:00:00+00:00,PC,2
740534,10,TAN,S8907367026433,2,PC,INR,310.76,ZFG1001,WB05,5101,,,OR,ABCD,11,99,,,320000083,2025-04-02 00:00:00+00:00,USER737,2025-04-02 04:42:07.647000+00:00,310.76,C,,,INR,2025-04-02 00:00:00+00:00,2025-04-02 00:00:00+00:00,,,FOR,Lake David,Z001,,1,2025-04-02 00:00:00+00:00,PC,2
740535,10,TAN,S8907367025344,1,PC,INR,179.0,ZFG1001,1301,5095,,,OR,ABCD,11,99,,,320000082,2025-04-02 00:00:00+00:00,USER737,2025-04-07 07:45:54.506000+00:00,179.0,C,,,INR,2025-04-02 00:00:00+00:00,2025-04-02 00:00:00+00:00,,,FOR,Lake David,Z001,,1,,PC,0
740535,10,TAN,S8907367025344,1,PC,INR,179.0,ZFG1001,1301,5095,,,OR,ABCD,11,99,,,320000082,2025-04-02 00:00:00+00:00,USER737,2025-04-07 07:45:54.506000+00:00,179.0,C,,,INR,2025-04-02 00:00:00+00:00,2025-04-02 00:00:00+00:00,,,FOR,Lake David,Z001,,2,2025-04-07 00:00:00+00:00,PC,1
740536,10,TAN,S8907367028192,1,PC,INR,168.64,ZFG1001,WB05,5101,,,OR,ABCD,11,99,,,320000083,2025-04-02 00:00:00+00:00,USER737,2025-04-02 04:42:11.704000+00:00,168.64,C,,,INR,2025-04-02 00:00:00+00:00,2025-04-02 00:00:00+00:00,,,FOR,Lake David,Z001,,1,2025-04-02 00:00:00+00:00,PC,1
740537,10,TAN,S8907367013532,1,PC,INR,245.9,ZFG1001,1301,5095,,,OR,ABCD,11,99,,,320000082,2025-04-02 00:00:00+00:00,USER737,2025-04-07 07:44:13.885000+00:00,245.9,C,,,INR,2025-04-02 00:00:00+00:00,2025-04-02 00:00:00+00:00,,,FOR,Lake David,Z001,,1,,PC,0
740537,10,TAN,S8907367013532,1,PC,INR,245.9,ZFG1001,1301,5095,,,OR,ABCD,11,99,,,320000082,2025-04-02 00:00:00+00:00,USER737,2025-04-07 07:44:13.885000+00:00,245.9,C,,,INR,2025-04-02 00:00:00+00:00,2025-04-02 00:00:00+00:00,,,FOR,Lake David,Z001,,2,2025-04-07 00:00:00+00:00,PC,1
740538,10,TAN,S8907367008620,1,PC,INR,287.29,ZFG1001,WB05,5101,,,OR,ABCD,11,99,,,320000083,2025-04-02 00:00:00+00:00,USER737,2025-04-02 04:42:17.403000+00:00,287.29,C,,,INR,2025-04-02 00:00:00+00:00,2025-04-02 00:00:00+00:00,,,FOR,Lake David,Z001,,1,2025-04-02 00:00:00+00:00,PC,1
740539,10,TAN,S8907367004448,1,PC,INR,254.0,ZFG1001,1301,5095,,,OR,ABCD,11,99,,,320000082,2025-04-02 00:00:00+00:00,USER737,2025-04-07 07:42:32.717000+00:00,254.0,C,,,INR,2025-04-02 00:00:00+00:00,2025-04-02 00:00:00+00:00,,,FOR,Lake David,Z001,,1,,PC,0
740539,10,TAN,S8907367004448,1,PC,INR,254.0,ZFG1001,1301,5095,,,OR,ABCD,11,99,,,320000082,2025-04-02 00:00:00+00:00,USER737,2025-04-07 07:42:32.717000+00:00,254.0,C,,,INR,2025-04-02 00:00:00+00:00,2025-04-02 00:00:00+00:00,,,FOR,Lake David,Z001,,2,2025-04-07 00:00:00+00:00,PC,1
740540,10,TAN,S8907367008620,1,PC,INR,253.39,ZFG1001,WB05,5101,,,OR,ABCD,11,99,,,320000083,2025-04-02 00:00:00+00:00,USER737,2025-04-02 04:42:23.246000+00:00,253.39,C,,,INR,2025-04-02 00:00:00+00:00,2025-04-02 00:00:00+00:00,,,FOR,Lake David,Z001,,1,2025-04-02 00:00:00+00:00,PC,1
740541,10,TAN,S8907367008620,1,PC,INR,299.0,ZFG1001,1301,5095,,,OR,ABCD,11,99,,,320000082,2025-04-02 00:00:00+00:00,USER737,2025-04-07 07:40:23.746000+00:00,299.0,C,,,INR,2025-04-02 00:00:00+00:00,2025-04-02 00:00:00+00:00,,,FOR,Lake David,Z001,,1,,PC,0
740541,10,TAN,S8907367008620,1,PC,INR,299.0,ZFG1001,1301,5095,,,OR,ABCD,11,99,,,320000082,2025-04-02 00:00:00+00:00,USER737,2025-04-07 07:40:23.746000+00:00,299.0,C,,,INR,2025-04-02 00:00:00+00:00,2025-04-02 00:00:00+00:00,,,FOR,Lake David,Z001,,2,2025-04-07 00:00:00+00:00,PC,1
740542,10,TAN,B8907367032571,1,PC,INR,305.9,ZFG1001,1301,5095,,,OR,ABCD,11,99,,,320000082,2025-04-02 00:00:00+00:00,USER737,2025-04-07 07:39:51.380000+00:00,589.95,C,,,INR,2025-04-02 00:00:00+00:00,2025-04-02 00:00:00+00:00,,,FOR,Lake David,Z001,,1,,PC,0
740542,10,TAN,B8907367032571,1,PC,INR,305.9,ZFG1001,1301,5095,,,OR,ABCD,11,99,,,320000082,2025-04-02 00:00:00+00:00,USER737,2025-04-07 07:39:51.380000+00:00,589.95,C,,,INR,2025-04-02 00:00:00+00:00,2025-04-02 00:00:00+00:00,,,FOR,Lake David,Z001,,2,2025-04-07 00:00:00+00:00,PC,1
740542,20,TAN,S8907367025412,2,PC,INR,0.0,ZFG1001,1301,5095,,,OR,ABCD,11,99,,,320000082,2025-04-02 00:00:00+00:00,USER737,2025-04-07 07:39:51.380000+00:00,589.95,C,,,INR,2025-04-02 00:00:00+00:00,2025-04-02 00:00:00+00:00,,,FOR,Lake David,Z001,,1,,PC,0
740542,20,TAN,S8907367025412,2,PC,INR,0.0,ZFG1001,1301,5095,,,OR,ABCD,11,99,,,320000082,2025-04-02 00:00:00+00:00,USER737,2025-04-07 07:39:51.380000+00:00,589.95,C,,,INR,2025-04-02 00:00:00+00:00,2025-04-02 00:00:00+00:00,,,FOR,Lake David,Z001,,2,2025-04-07 00:00:00+00:00,PC,2
740542,30,TAN,S8907367008620,1,PC,INR,284.05,ZFG1001,1301,5095,,,OR,ABCD,11,99,,,320000082,2025-04-02 00:00:00+00:00,USER737,2025-04-07 07:39:51.380000+00:00,589.95,C,,,INR,2025-04-02 00:00:00+00:00,2025-04-02 00:00:00+00:00,,,FOR,Lake David,Z001,,1,,PC,0
740542,30,TAN,S8907367008620,1,PC,INR,284.05,ZFG1001,1301,5095,,,OR,ABCD,11,99,,,320000082,2025-04-02 00:00:00+00:00,USER737,2025-04-07 07:39:51.380000+00:00,589.95,C,,,INR,2025-04-02 00:00:00+00:00,2025-04-02 00:00:00+00:00,,,FOR,Lake David,Z001,,2,2025-04-07 00:00:00+00:00,PC,1
740543,10,TAN,S8907367013532,1,PC,INR,245.9,ZFG1001,1301,5095,,,OR,ABCD,11,99,,,320000082,2025-04-02 00:00:00+00:00,USER737,2025-04-07 05:49:54.094000+00:00,245.9,C,,,INR,2025-04-02 00:00:00+00:00,2025-04-02 00:00:00+00:00,,,FOR,Lake David,Z001,,1,,PC,0
740543,10,TAN,S8907367013532,1,PC,INR,245.9,ZFG1001,1301,5095,,,OR,ABCD,11,99,,,320000082,2025-04-02 00:00:00+00:00,USER737,2025-04-07 05:49:54.094000+00:00,245.9,C,,,INR,2025-04-02 00:00:00+00:00,2025-04-02 00:00:00+00:00,,,FOR,Lake David,Z001,,2,2025-04-07 00:00:00+00:00,PC,1
740544,10,TAN,S8907367002512,1,PC,INR,287.9,ZFG1001,1301,5095,,,OR,ABCD,11,99,,,320000082,2025-04-02 00:00:00+00:00,USER737,2025-04-07 05:58:46.091000+00:00,287.9,C,,,INR,2025-04-02 00:00:00+00:00,2025-04-02 00:00:00+00:00,,,FOR,Lake David,Z001,,1,,PC,0
740544,10,TAN,S8907367002512,1,PC,INR,287.9,ZFG1001,1301,5095,,,OR,ABCD,11,99,,,320000082,2025-04-02 00:00:00+00:00,USER737,2025-04-07 05:58:46.091000+00:00,287.9,C,,,INR,2025-04-02 00:00:00+00:00,2025-04-02 00:00:00+00:00,,,FOR,Lake David,Z001,,2,2025-04-07 00:00:00+00:00,PC,1
740545,10,TAN,S8907367013532,1,PC,INR,179.66,ZFG1001,KA05,5078,,,OR,ABCD,11,99,,,320000088,2025-04-02 00:00:00+00:00,USER737,2025-04-02 04:42:40.187000+00:00,179.66,C,,,INR,2025-04-02 00:00:00+00:00,2025-04-02 00:00:00+00:00,,,FOR,Lake David,Z001,,1,2025-04-02 00:00:00+00:00,PC,1
740546,10,TAN,S8907367038122,1,PC,INR,221.19,ZFG1001,MH05,5085,,,OR,ABCD,11,99,,,320000085,2025-04-02 00:00:00+00:00,USER737,2025-04-02 04:42:46.001000+00:00,221.19,C,,,INR,2025-04-02 00:00:00+00:00,2025-04-02 00:00:00+00:00,,,FOR,Lake David,Z001,,1,2025-04-02 00:00:00+00:00,PC,1
740547,10,TAN,S8907367013532,1,PC,INR,180.34,ZFG1001,WB05,5101,,,OR,ABCD,11,99,,,320000083,2025-04-02 00:00:00+00:00,USER737,2025-04-02 04:42:53.303000+00:00,180.34,C,,,INR,2025-04-02 00:00:00+00:00,2025-04-02 00:00:00+00:00,,,FOR,Lake David,Z001,,1,2025-04-02 00:00:00+00:00,PC,1
740548,10,TAN,S8907367025344,1,PC,INR,151.69,ZFG1001,WB05,5101,,,OR,ABCD,11,99,,,320000083,2025-04-02 00:00:00+00:00,USER737,2025-04-02 04:42:57.178000+00:00,151.69,C,,,INR,2025-04-02 00:00:00+00:00,2025-04-02 00:00:00+00:00,,,FOR,Lake David,Z001,,1,2025-04-02 00:00:00+00:00,PC,1
740549,10,TAN,B8907367002246,1,PC,INR,1301.82,ZFG1001,WB05,5101,,,OR,ABCD,11,99,,,320000083,2025-04-02 00:00:00+00:00,USER737,2025-04-02 04:43:04.029000+00:00,2033.65,C,,,INR,2025-04-02 00:00:00+00:00,2025-04-02 00:00:00+00:00,,,FOR,Lake David,Z001,,1,2025-04-02 00:00:00+00:00,PC,1
740549,20,TAN,S8907367001836,1,PC,INR,0.0,ZFG1001,WB05,5101,,,OR,ABCD,11,99,,,320000083,2025-04-02 00:00:00+00:00,USER737,2025-04-02 04:43:04.029000+00:00,2033.65,C,,,INR,2025-04-02 00:00:00+00:00,2025-04-02 00:00:00+00:00,,,FOR,Lake David,Z001,,1,2025-04-02 00:00:00+00:00,PC,1
740549,30,TAN,S8907367001874,1,PC,INR,0.0,ZFG1001,WB05,5101,,,OR,ABCD,11,99,,,320000083,2025-04-02 00:00:00+00:00,USER737,2025-04-02 04:43:04.029000+00:00,2033.65,C,,,INR,2025-04-02 00:00:00+00:00,2025-04-02 00:00:00+00:00,,,FOR,Lake David,Z001,,1,2025-04-02 00:00:00+00:00,PC,1
740549,40,TAN,3001468,1,PC,INR,0.0,ZPKG004,WB05,5101,,,OR,ABCD,11,99,,,320000083,2025-04-02 00:00:00+00:00,USER737,2025-04-02 04:43:04.029000+00:00,2033.65,C,,,INR,2025-04-02 00:00:00+00:00,2025-04-02 00:00:00+00:00,,,FOR,Lake David,Z001,,1,2025-04-02 00:00:00+00:00,PC,1
740549,50,TAN,S8907367001850,1,PC,INR,0.0,ZFG1001,WB05,5101,,,OR,ABCD,11,99,,,320000083,2025-04-02 00:00:00+00:00,USER737,2025-04-02 04:43:04.029000+00:00,2033.65,C,,,INR,2025-04-02 00:00:00+00:00,2025-04-02 00:00:00+00:00,,,FOR,Lake David,Z001,,1,2025-04-02 00:00:00+00:00,PC,1
740549,60,TAN,S8907367001843,1,PC,INR,0.0,ZFG1001,WB05,5101,,,OR,ABCD,11,99,,,320000083,2025-04-02 00:00:00+00:00,USER737,2025-04-02 04:43:04.029000+00:00,2033.65,C,,,INR,2025-04-02 00:00:00+00:00,2025-04-02 00:00:00+00:00,,,FOR,Lake David,Z001,,1,2025-04-02 00:00:00+00:00,PC,1
740549,70,TAN,3001456,1,PC,INR,0.0,ZPKG004,WB05,5101,,,OR,ABCD,11,99,,,320000083,2025-04-02 00:00:00+00:00,USER737,2025-04-02 04:43:04.029000+00:00,2033.65,C,,,INR,2025-04-02 00:00:00+00:00,2025-04-02 00:00:00+00:00,,,FOR,Lake David,Z001,,1,2025-04-02 00:00:00+00:00,PC,1
740549,80,TAN,S8907367001867,1,PC,INR,0.0,ZFG1001,WB05,5101,,,OR,ABCD,11,99,,,320000083,2025-04-02 00:00:00+00:00,USER737,2025-04-02 04:43:04.029000+00:00,2033.65,C,,,INR,2025-04-02 00:00:00+00:00,2025-04-02 00:00:00+00:00,,,FOR,Lake David,Z001,,1,2025-04-02 00:00:00+00:00,PC,1
740549,90,TAN,S8907367002550,1,PC,INR,0.0,ZFG1001,WB05,5101,,,OR,ABCD,11,99,,,320000083,2025-04-02 00:00:00+00:00,USER737,2025-04-02 04:43:04.029000+00:00,2033.65,C,,,INR,2025-04-02 00:00:00+00:00,2025-04-02 00:00:00+00:00,,,FOR,Lake David,Z001,,1,2025-04-02 00:00:00+00:00,PC,1
740549,100,TAN,S8907367038108,1,PC,INR,208.52,ZFG1001,WB05,5101,,,OR,ABCD,11,99,,,320000083,2025-04-02 00:00:00+00:00,USER737,2025-04-02 04:43:04.029000+00:00,2033.65,C,,,INR,2025-04-02 00:00:00+00:00,2025-04-02 00:00:00+00:00,,,FOR,Lake David,Z001,,1,2025-04-02 00:00:00+00:00,PC,1
740549,110,TAN,S8907367038122,1,PC,INR,210.13,ZFG1001,WB05,5101,,,OR,ABCD,11,99,,,320000083,2025-04-02 00:00:00+00:00,USER737,2025-04-02 04:43:04.029000+00:00,2033.65,C,,,INR,2025-04-02 00:00:00+00:00,2025-04-02 00:00:00+00:00,,,FOR,Lake David,Z001,,1,2025-04-02 00:00:00+00:00,PC,1
740549,120,TAN,S8907367039280,1,PC,INR,313.18,ZFG1001,WB05,5101,,,OR,ABCD,11,99,,,320000083,2025-04-02 00:00:00+00:00,USER737,2025-04-02 04:43:04.029000+00:00,2033.65,C,,,INR,2025-04-02 00:00:00+00:00,2025-04-02 00:00:00+00:00,,,FOR,Lake David,Z001,,1,2025-04-02 00:00:00+00:00,PC,1
740550,10,TAN,S8907367039280,1,PC,INR,329.66,ZFG1001,WB05,5101,,,OR,ABCD,11,99,,,320000083,2025-04-02 00:00:00+00:00,USER737,2025-04-02 04:43:08.109000+00:00,329.66,C,,,INR,2025-04-02 00:00:00+00:00,2025-04-02 00:00:00+00:00,,,FOR,Lake David,Z001,,1,2025-04-02 00:00:00+00:00,PC,1
740551,10,TAN,S8907367038122,1,PC,INR,221.19,ZFG1001,WB05,5101,,,OR,ABCD,11,99,,,320000083,2025-04-02 00:00:00+00:00,USER737,2025-04-02 04:43:12.210000+00:00,221.19,C,,,INR,2025-04-02 00:00:00+00:00,2025-04-02 00:00:00+00:00,,,FOR,Lake David,Z001,,1,2025-04-02 00:00:00+00:00,PC,1
740552,10,TAN,S8907367001003,1,PC,INR,216.1,ZFG1001,WB05,5101,,,OR,ABCD,11,99,,,320000083,2025-04-02 00:00:00+00:00,USER737,2025-04-02 04:43:15.753000+00:00,216.1,C,,,INR,2025-04-02 00:00:00+00:00,2025-04-02 00:00:00+00:00,,,FOR,Lake David,Z001,,1,2025-04-02 00:00:00+00:00,PC,1
740553,10,TAN,S8907367010814,1,PC,INR,320.42,ZFG1001,WB05,5031,,,OR,ABCD,11,99,,,320000083,2025-04-02 00:00:00+00:00,USER737,2025-04-02 04:43:21.320000+00:00,561.14,C,,,INR,2025-04-02 00:00:00+00:00,2025-04-02 00:00:00+00:00,,,FOR,Lake David,Z001,,1,2025-04-02 00:00:00+00:00,PC,1
740553,20,TAN,S8907367008620,1,PC,INR,240.72,ZFG1001,WB05,5031,,,OR,ABCD,11,99,,,320000083,2025-04-02 00:00:00+00:00,USER737,2025-04-02 04:43:21.320000+00:00,561.14,C,,,INR,2025-04-02 00:00:00+00:00,2025-04-02 00:00:00+00:00,,,FOR,Lake David,Z001,,1,2025-04-02 00:00:00+00:00,PC,1
740554,10,TAN,S8907367041993,1,PC,INR,422.88,ZFG1001,WB05,5031,,,OR,ABCD,11,99,,,320000083,2025-04-02 00:00:00+00:00,USER737,2025-04-02 04:43:25.419000+00:00,422.88,C,,,INR,2025-04-02 00:00:00+00:00,2025-04-02 00:00:00+00:00,,,FOR,Lake David,Z001,,1,2025-04-02 00:00:00+00:00,PC,1
740555,10,TAN,B8907367015697,1,PC,INR,429.66,ZFG1001,WB05,5031,,,OR,ABCD,11,99,,,320000083,2025-04-02 00:00:00+00:00,USER737,2025-04-02 04:43:29.409000+00:00,429.66,C,,,INR,2025-04-02 00:00:00+00:00,2025-04-02 00:00:00+00:00,,,FOR,Lake David,Z001,,1,2025-04-02 00:00:00+00:00,PC,1
740555,20,TAN,S8907367013532,1,PC,INR,0.0,ZFG1001,WB05,5031,,,OR,ABCD,11,99,,,320000083,2025-04-02 00:00:00+00:00,USER737,2025-04-02 04:43:29.409000+00:00,429.66,C,,,INR,2025-04-02 00:00:00+00:00,2025-04-02 00:00:00+00:00,,,FOR,Lake David,Z001,,1,2025-04-02 00:00:00+00:00,PC,1
740555,30,TAN,S8907367014447,1,PC,INR,0.0,ZFG1001,WB05,5031,,,OR,ABCD,11,99,,,320000083,2025-04-02 00:00:00+00:00,USER737,2025-04-02 04:43:29.409000+00:00,429.66,C,,,INR,2025-04-02 00:00:00+00:00,2025-04-02 00:00:00+00:00,,,FOR,Lake David,Z001,,1,2025-04-02 00:00:00+00:00,PC,1
740556,10,TAN,B8907367037859,1,PC,INR,439.83,ZFG1001,WB05,5031,,,OR,ABCD,11,99,,,320000083,2025-04-02 00:00:00+00:00,USER737,2025-04-02 04:43:35.637000+00:00,439.83,C,,,INR,2025-04-02 00:00:00+00:00,2025-04-02 00:00:00+00:00,,,FOR,Lake David,Z001,,1,2025-04-02 00:00:00+00:00,PC,1
740556,20,TAN,S8907367035978,1,PC,INR,0.0,ZFG1001,WB05,5031,,,OR,ABCD,11,99,,,320000083,2025-04-02 00:00:00+00:00,USER737,2025-04-02 04:43:35.637000+00:00,439.83,C,,,INR,2025-04-02 00:00:00+00:00,2025-04-02 00:00:00+00:00,,,FOR,Lake David,Z001,,1,2025-04-02 00:00:00+00:00,PC,1
740556,30,TAN,S8907367035992,1,PC,INR,0.0,ZFG1001,WB05,5031,,,OR,ABCD,11,99,,,320000083,2025-04-02 00:00:00+00:00,USER737,2025-04-02 04:43:35.637000+00:00,439.83,C,,,INR,2025-04-02 00:00:00+00:00,2025-04-02 00:00:00+00:00,,,FOR,Lake David,Z001,,1,2025-04-02 00:00:00+00:00,PC,1
740556,40,TAN,S8907367035985,1,PC,INR,0.0,ZFG1001,WB05,5031,,,OR,ABCD,11,99,,,320000083,2025-04-02 00:00:00+00:00,USER737,2025-04-02 04:43:35.637000+00:00,439.83,C,,,INR,2025-04-02 00:00:00+00:00,2025-04-02 00:00:00+00:00,,,FOR,Lake David,Z001,,1,2025-04-02 00:00:00+00:00,PC,1
740556,50,TAN,S8907367035961,1,PC,INR,0.0,ZFG1001,WB05,5031,,,OR,ABCD,11,99,,,320000083,2025-04-02 00:00:00+00:00,USER737,2025-04-02 04:43:35.637000+00:00,439.83,C,,,INR,2025-04-02 00:00:00+00:00,2025-04-02 00:00:00+00:00,,,FOR,Lake David,Z001,,1,2025-04-02 00:00:00+00:00,PC,1
740557,10,TAN,B8907367037859,1,PC,INR,439.83,ZFG1001,WB05,5031,,,OR,ABCD,11,99,,,320000083,2025-04-02 00:00:00+00:00,USER737,2025-04-02 04:43:41.737000+00:00,439.83,C,,,INR,2025-04-02 00:00:00+00:00,2025-04-02 00:00:00+00:00,,,FOR,Lake David,Z001,,1,2025-04-02 00:00:00+00:00,PC,1
740557,20,TAN,S8907367035961,1,PC,INR,0.0,ZFG1001,WB05,5031,,,OR,ABCD,11,99,,,320000083,2025-04-02 00:00:00+00:00,USER737,2025-04-02 04:43:41.737000+00:00,439.83,C,,,INR,2025-04-02 00:00:00+00:00,2025-04-02 00:00:00+00:00,,,FOR,Lake David,Z001,,1,2025-04-02 00:00:00+00:00,PC,1
740557,30,TAN,S8907367035978,1,PC,INR,0.0,ZFG1001,WB05,5031,,,OR,ABCD,11,99,,,320000083,2025-04-02 00:00:00+00:00,USER737,2025-04-02 04:43:41.737000+00:00,439.83,C,,,INR,2025-04-02 00:00:00+00:00,2025-04-02 00:00:00+00:00,,,FOR,Lake David,Z001,,1,2025-04-02 00:00:00+00:00,PC,1
740557,40,TAN,S8907367035985,1,PC,INR,0.0,ZFG1001,WB05,5031,,,OR,ABCD,11,99,,,320000083,2025-04-02 00:00:00+00:00,USER737,2025-04-02 04:43:41.737000+00:00,439.83,C,,,INR,2025-04-02 00:00:00+00:00,2025-04-02 00:00:00+00:00,,,FOR,Lake David,Z001,,1,2025-04-02 00:00:00+00:00,PC,1
740557,50,TAN,S8907367035992,1,PC,INR,0.0,ZFG1001,WB05,5031,,,OR,ABCD,11,99,,,320000083,2025-04-02 00:00:00+00:00,USER737,2025-04-02 04:43:41.737000+00:00,439.83,C,,,INR,2025-04-02 00:00:00+00:00,2025-04-02 00:00:00+00:00,,,FOR,Lake David,Z001,,1,2025-04-02 00:00:00+00:00,PC,1
740558,10,TAN,S8907367013532,1,PC,INR,179.66,ZFG1001,WB05,5031,,,OR,ABCD,11,99,,,320000083,2025-04-02 00:00:00+00:00,USER737,2025-04-02 04:43:48.866000+00:00,179.66,C,,,INR,2025-04-02 00:00:00+00:00,2025-04-02 00:00:00+00:00,,,FOR,Lake David,Z001,,1,2025-04-02 00:00:00+00:00,PC,1
740559,10,TAN,S8907367016144,1,PC,INR,375.42,ZFG1001,WB05,5031,,,OR,ABCD,11,99,,,320000083,2025-04-02 00:00:00+00:00,USER737,2025-04-02 04:43:54.430000+00:00,375.42,C,,,INR,2025-04-02 00:00:00+00:00,2025-04-02 00:00:00+00:00,,,FOR,Lake David,Z001,,1,2025-04-02 00:00:00+00:00,PC,1
740560,10,TAN,S8907367008620,1,PC,INR,253.39,ZFG1001,WB05,5031,,,OR,ABCD,11,99,,,320000083,2025-04-02 00:00:00+00:00,USER737,2025-04-02 04:43:58.686000+00:00,253.39,C,,,INR,2025-04-02 00:00:00+00:00,2025-04-02 00:00:00+00:00,,,FOR,Lake David,Z001,,1,2025-04-02 00:00:00+00:00,PC,1
740561,10,TAN,S8907367037156,1,PC,INR,422.03,ZFG1001,WB05,5031,,,OR,ABCD,11,99,,,320000083,2025-04-02 00:00:00+00:00,USER737,2025-04-02 04:44:02.739000+00:00,422.03,C,,,INR,2025-04-02 00:00:00+00:00,2025-04-02 00:00:00+00:00,,,FOR,Lake David,Z001,,1,2025-04-02 00:00:00+00:00,PC,1
740562,10,TAN,S8907367003380,1,PC,INR,240.72,ZFG1001,WB05,5031,,,OR,ABCD,11,99,,,320000083,2025-04-02 00:00:00+00:00,USER737,2025-04-02 04:44:06.983000+00:00,843.73,C,,,INR,2025-04-02 00:00:00+00:00,2025-04-02 00:00:00+00:00,,,FOR,Lake David,Z001,,1,2025-04-02 00:00:00+00:00,PC,1
740562,20,TAN,S8907367020035,1,PC,INR,603.01,ZFG1001,WB05,5031,,,OR,ABCD,11,99,,,320000083,2025-04-02 00:00:00+00:00,USER737,2025-04-02 04:44:06.983000+00:00,843.73,C,,,INR,2025-04-02 00:00:00+00:00,2025-04-02 00:00:00+00:00,,,FOR,Lake David,Z001,,1,2025-04-02 00:00:00+00:00,PC,1
740563,10,TAN,S8907367008620,2,PC,INR,481.44,ZFG1001,WB05,5031,,,OR,ABCD,11,99,,,320000083,2025-04-02 00:00:00+00:00,USER737,2025-04-02 04:44:11.131000+00:00,481.44,C,,,INR,2025-04-02 00:00:00+00:00,2025-04-02 00:00:00+00:00,,,FOR,Lake David,Z001,,1,2025-04-02 00:00:00+00:00,PC,2
740564,10,TAN,B8907367037842,1,PC,INR,761.86,ZFG1001,WB05,5031,,,OR,ABCD,11,99,,,320000083,2025-04-02 00:00:00+00:00,USER737,2025-04-02 04:44:17.332000+00:00,761.86,C,,,INR,2025-04-02 00:00:00+00:00,2025-04-02 00:00:00+00:00,,,FOR,Lake David,Z001,,1,2025-04-02 00:00:00+00:00,PC,1
740564,20,TAN,S8907367010814,1,PC,INR,0.0,ZFG1001,WB05,5031,,,OR,ABCD,11,99,,,320000083,2025-04-02 00:00:00+00:00,USER737,2025-04-02 04:44:17.332000+00:00,761.86,C,,,INR,2025-04-02 00:00:00+00:00,2025-04-02 00:00:00+00:00,,,FOR,Lake David,Z001,,1,2025-04-02 00:00:00+00:00,PC,1
740564,30,TAN,S8907367036722,1,PC,INR,0.0,ZFG1001,WB05,5031,,,OR,ABCD,11,99,,,320000083,2025-04-02 00:00:00+00:00,USER737,2025-04-02 04:44:17.332000+00:00,761.86,C,,,INR,2025-04-02 00:00:00+00:00,2025-04-02 00:00:00+00:00,,,FOR,Lake David,Z001,,1,2025-04-02 00:00:00+00:00,PC,1
740564,40,TAN,S8907367029021,1,PC,INR,0.0,ZFG1001,WB05,5031,,,OR,ABCD,11,99,,,320000083,2025-04-02 00:00:00+00:00,USER737,2025-04-02 04:44:17.332000+00:00,761.86,C,,,INR,2025-04-02 00:00:00+00:00,2025-04-02 00:00:00+00:00,,,FOR,Lake David,Z001,,1,2025-04-02 00:00:00+00:00,PC,1
740564,50,TAN,S8907367016144,1,PC,INR,0.0,ZFG1001,WB05,5031,,,OR,ABCD,11,99,,,320000083,2025-04-02 00:00:00+00:00,USER737,2025-04-02 04:44:17.332000+00:00,761.86,C,,,INR,2025-04-02 00:00:00+00:00,2025-04-02 00:00:00+00:00,,,FOR,Lake David,Z001,,1,2025-04-02 00:00:00+00:00,PC,1
740564,60,TAN,S8907367029038,1,PC,INR,0.0,ZFG1001,WB05,5031,,,OR,ABCD,11,99,,,320000083,2025-04-02 00:00:00+00:00,USER737,2025-04-02 04:44:17.332000+00:00,761.86,C,,,INR,2025-04-02 00:00:00+00:00,2025-04-02 00:00:00+00:00,,,FOR,Lake David,Z001,,1,2025-04-02 00:00:00+00:00,PC,1
740565,10,TAN,S8907367035664,1,PC,INR,422.03,ZFG1001,WB05,5031,,,OR,ABCD,11,99,,,320000083,2025-04-02 00:00:00+00:00,USER737,2025-04-02 04:44:22.798000+00:00,422.03,C,,,INR,2025-04-02 00:00:00+00:00,2025-04-02 00:00:00+00:00,,,FOR,Lake David,Z001,,1,2025-04-02 00:00:00+00:00,PC,1
740566,10,TAN,S8907367010814,1,PC,INR,337.29,ZFG1001,WB05,5031,,,OR,ABCD,11,99,,,320000083,2025-04-02 00:00:00+00:00,USER737,2025-04-02 04:44:28.164000+00:00,337.29,C,,,INR,2025-04-02 00:00:00+00:00,2025-04-02 00:00:00+00:00,,,FOR,Lake David,Z001,,1,2025-04-02 00:00:00+00:00,PC,1
740567,10,TAN,S8907367014867,1,PC,INR,191.53,ZFG1001,WB05,5031,,,OR,ABCD,11,99,,,320000083,2025-04-02 00:00:00+00:00,USER737,2025-04-02 04:44:33.579000+00:00,191.53,C,,,INR,2025-04-02 00:00:00+00:00,2025-04-02 00:00:00+00:00,,,FOR,Lake David,Z001,,1,2025-04-02 00:00:00+00:00,PC,1
740568,10,TAN,S8907367035664,1,PC,INR,455.93,ZFG1001,WB05,5031,,,OR,ABCD,11,99,,,320000083,2025-04-02 00:00:00+00:00,USER737,2025-04-02 04:44:38.878000+00:00,455.93,C,,,INR,2025-04-02 00:00:00+00:00,2025-04-02 00:00:00+00:00,,,FOR,Lake David,Z001,,1,2025-04-02 00:00:00+00:00,PC,1
740569,10,TAN,S8907367035664,1,PC,INR,422.03,ZFG1001,WB05,5031,,,OR,ABCD,11,99,,,320000083,2025-04-02 00:00:00+00:00,USER737,2025-04-02 04:44:46.140000+00:00,422.03,C,,,INR,2025-04-02 00:00:00+00:00,2025-04-02 00:00:00+00:00,,,FOR,Lake David,Z001,,1,2025-04-02 00:00:00+00:00,PC,1
740570,10,TAN,S8907367035664,1,PC,INR,422.03,ZFG1001,WB05,5031,,,OR,ABCD,11,99,,,320000083,2025-04-02 00:00:00+00:00,USER737,2025-04-02 04:44:49.878000+00:00,422.03,C,,,INR,2025-04-02 00:00:00+00:00,2025-04-02 00:00:00+00:00,,,FOR,Lake David,Z001,,1,2025-04-02 00:00:00+00:00,PC,1
740571,10,TAN,S8907367003380,1,PC,INR,253.39,ZFG1001,WB05,5031,,,OR,ABCD,11,99,,,320000083,2025-04-02 00:00:00+00:00,USER737,2025-04-02 04:44:53.965000+00:00,253.39,C,,,INR,2025-04-02 00:00:00+00:00,2025-04-02 00:00:00+00:00,,,FOR,Lake David,Z001,,1,2025-04-02 00:00:00+00:00,PC,1
740572,10,TAN,S8907367003311,1,PC,INR,215.25,ZFG1001,WB05,5031,,,OR,ABCD,11,99,,,320000083,2025-04-02 00:00:00+00:00,USER737,2025-04-02 04:44:57.508000+00:00,215.25,C,,,INR,2025-04-02 00:00:00+00:00,2025-04-02 00:00:00+00:00,,,FOR,Lake David,Z001,,1,2025-04-02 00:00:00+00:00,PC,1
740573,10,TAN,S8907367041993,1,PC,INR,401.74,ZFG1001,WB05,5031,,,OR,ABCD,11,99,,,320000083,2025-04-02 00:00:00+00:00,USER737,2025-04-02 04:45:02.964000+00:00,842.93,C,,,INR,2025-04-02 00:00:00+00:00,2025-04-02 00:00:00+00:00,,,FOR,Lake David,Z001,,1,2025-04-02 00:00:00+00:00,PC,1
740573,20,TAN,S8907367042006,1,PC,INR,441.19,ZFG1001,WB05,5031,,,OR,ABCD,11,99,,,320000083,2025-04-02 00:00:00+00:00,USER737,2025-04-02 04:45:02.964000+00:00,842.93,C,,,INR,2025-04-02 00:00:00+00:00,2025-04-02 00:00:00+00:00,,,FOR,Lake David,Z001,,1,2025-04-02 00:00:00+00:00,PC,1
740574,10,TAN,B8907367032649,1,PC,INR,327.97,ZFG1001,WB05,5031,,,OR,ABCD,11,99,,,320000083,2025-04-02 00:00:00+00:00,USER737,2025-04-02 04:45:08.381000+00:00,327.97,C,,,INR,2025-04-02 00:00:00+00:00,2025-04-02 00:00:00+00:00,,,FOR,Lake David,Z001,,1,2025-04-02 00:00:00+00:00,PC,1
740574,20,TAN,S8907367013082,2,PC,INR,0.0,ZFG1001,WB05,5031,,,OR,ABCD,11,99,,,320000083,2025-04-02 00:00:00+00:00,USER737,2025-04-02 04:45:08.381000+00:00,327.97,C,,,INR,2025-04-02 00:00:00+00:00,2025-04-02 00:00:00+00:00,,,FOR,Lake David,Z001,,1,2025-04-02 00:00:00+00:00,PC,2
740575,10,TAN,S8907367003311,1,PC,INR,215.25,ZFG1001,WB05,5031,,,OR,ABCD,11,99,,,320000083,2025-04-02 00:00:00+00:00,USER737,2025-04-02 04:45:15.530000+00:00,215.25,C,,,INR,2025-04-02 00:00:00+00:00,2025-04-02 00:00:00+00:00,,,FOR,Lake David,Z001,,1,2025-04-02 00:00:00+00:00,PC,1
740576,10,TAN,S8907367039303,1,PC,INR,473.73,ZFG1001,WB05,5031,,,OR,ABCD,11,99,,,320000083,2025-04-02 00:00:00+00:00,USER737,2025-04-02 04:45:21.214000+00:00,473.73,C,,,INR,2025-04-02 00:00:00+00:00,2025-04-02 00:00:00+00:00,,,FOR,Lake David,Z001,,1,2025-04-02 00:00:00+00:00,PC,1
740577,10,TAN,S8907367042006,1,PC,INR,464.41,ZFG1001,WB05,5031,,,OR,ABCD,11,99,,,320000083,2025-04-02 00:00:00+00:00,USER737,2025-04-02 04:45:26.592000+00:00,464.41,C,,,INR,2025-04-02 00:00:00+00:00,2025-04-02 00:00:00+00:00,,,FOR,Lake David,Z001,,1,2025-04-02 00:00:00+00:00,PC,1
740578,10,TAN,S8907367042006,1,PC,INR,464.41,ZFG1001,WB05,5031,,,OR,ABCD,11,99,,,320000083,2025-04-02 00:00:00+00:00,USER737,2025-04-02 04:45:32.050000+00:00,464.41,C,,,INR,2025-04-02 00:00:00+00:00,2025-04-02 00:00:00+00:00,,,FOR,Lake David,Z001,,1,2025-04-02 00:00:00+00:00,PC,1
740579,10,TAN,S8907367042006,1,PC,INR,464.41,ZFG1001,WB05,5031,,,OR,ABCD,11,99,,,320000083,2025-04-02 00:00:00+00:00,USER737,2025-04-02 04:45:36.147000+00:00,464.41,C,,,INR,2025-04-02 00:00:00+00:00,2025-04-02 00:00:00+00:00,,,FOR,Lake David,Z001,,1,2025-04-02 00:00:00+00:00,PC,1
740580,10,TAN,S8907367042006,1,PC,INR,464.41,ZFG1001,WB05,5031,,,OR,ABCD,11,99,,,320000083,2025-04-02 00:00:00+00:00,USER737,2025-04-02 04:45:39.902000+00:00,464.41,C,,,INR,2025-04-02 00:00:00+00:00,2025-04-02 00:00:00+00:00,,,FOR,Lake David,Z001,,1,2025-04-02 00:00:00+00:00,PC,1
740581,10,TAN,S8907367002499,1,PC,INR,205.93,ZFG1001,WB05,5031,,,OR,ABCD,11,99,,,320000083,2025-04-02 00:00:00+00:00,USER737,2025-04-02 04:45:44.053000+00:00,205.93,C,,,INR,2025-04-02 00:00:00+00:00,2025-04-02 00:00:00+00:00,,,FOR,Lake David,Z001,,1,2025-04-02 00:00:00+00:00,PC,1
740582,10,TAN,S8907367001003,1,PC,INR,216.1,ZFG1001,WB05,5031,,,OR,ABCD,11,99,,,320000083,2025-04-02 00:00:00+00:00,USER737,2025-04-02 04:45:48.080000+00:00,216.1,C,,,INR,2025-04-02 00:00:00+00:00,2025-04-02 00:00:00+00:00,,,FOR,Lake David,Z001,,1,2025-04-02 00:00:00+00:00,PC,1
740583,10,TAN,S8907367001003,1,PC,INR,216.1,ZFG1001,WB05,5031,,,OR,ABCD,11,99,,,320000083,2025-04-02 00:00:00+00:00,USER737,2025-04-02 04:45:51.756000+00:00,216.1,C,,,INR,2025-04-02 00:00:00+00:00,2025-04-02 00:00:00+00:00,,,FOR,Lake David,Z001,,1,2025-04-02 00:00:00+00:00,PC,1
740584,10,TAN,S8907367759287,2,PC,INR,150.85,ZFG1001,TM05,5099,61,,OR,ABCD,11,99,,,320000108,2025-04-02 00:00:00+00:00,USER737,2025-06-20 06:00:57.414000+00:00,150.85,A,,,INR,2025-04-02 00:00:00+00:00,2025-04-02 00:00:00+00:00,,,FOR,Lake David,Z001,,1,2025-04-02 00:00:00+00:00,PC,2
740585,10,TAN,S8907367003342,1,PC,INR,177.97,ZFG1001,1302,5070,61,,OR,ABCD,11,99,,,320000107,2025-04-02 00:00:00+00:00,USER737,2025-06-20 06:00:57.479000+00:00,177.97,A,,,INR,2025-04-02 00:00:00+00:00,2025-04-02 00:00:00+00:00,,,FOR,Lake David,Z001,,1,2025-04-02 00:00:00+00:00,PC,1
740586,10,TAN,S8907367031635,1,PC,INR,422.03,ZFG1001,WB05,5031,,,OR,ABCD,11,99,,,320000083,2025-04-02 00:00:00+00:00,USER737,2025-04-02 04:45:55.740000+00:00,422.03,C,,,INR,2025-04-02 00:00:00+00:00,2025-04-02 00:00:00+00:00,,,FOR,Lake David,Z001,,1,2025-04-02 00:00:00+00:00,PC,1
740587,10,TAN,S8907367042006,1,PC,INR,464.41,ZFG1001,WB05,5031,,,OR,ABCD,11,99,,,320000083,2025-04-02 00:00:00+00:00,USER737,2025-04-02 04:45:59.686000+00:00,464.41,C,,,INR,2025-04-02 00:00:00+00:00,2025-04-02 00:00:00+00:00,,,FOR,Lake David,Z001,,1,2025-04-02 00:00:00+00:00,PC,1
740588,10,TAN,S8907367020790,1,PC,INR,118.65,ZFG1001,TM05,5099,61,,OR,ABCD,11,99,,,320000108,2025-04-02 00:00:00+00:00,USER737,2025-06-20 06:00:57.599000+00:00,118.65,A,,,INR,2025-04-02 00:00:00+00:00,2025-04-02 00:00:00+00:00,,,FOR,Lake David,Z001,,1,2025-04-02 00:00:00+00:00,PC,1
740589,10,TAN,B8907367024125,1,PC,INR,131.31,ZFG1001,1302,5070,61,,OR,ABCD,11,99,,,320000107,2025-04-02 00:00:00+00:00,USER737,2025-06-20 06:00:57.681000+00:00,131.31,A,,,INR,2025-04-02 00:00:00+00:00,2025-04-02 00:00:00+00:00,,,FOR,Lake David,Z001,,1,2025-04-02 00:00:00+00:00,PC,1
740589,20,TAN,S8907367023128,1,PC,INR,0.0,ZFG1001,1302,5070,61,,OR,ABCD,11,99,,,320000107,2025-04-02 00:00:00+00:00,USER737,2025-06-20 06:00:57.681000+00:00,131.31,A,,,INR,2025-04-02 00:00:00+00:00,2025-04-02 00:00:00+00:00,,,FOR,Lake David,Z001,,1,2025-04-02 00:00:00+00:00,PC,1
740589,30,TAN,S8907367023159,1,PC,INR,0.0,ZFG1001,1302,5070,61,,OR,ABCD,11,99,,,320000107,2025-04-02 00:00:00+00:00,USER737,2025-06-20 06:00:57.681000+00:00,131.31,A,,,INR,2025-04-02 00:00:00+00:00,2025-04-02 00:00:00+00:00,,,FOR,Lake David,Z001,,1,2025-04-02 00:00:00+00:00,PC,1
740589,40,TAN,S8907367023135,1,PC,INR,0.0,ZFG1001,1302,5070,61,,OR,ABCD,11,99,,,320000107,2025-04-02 00:00:00+00:00,USER737,2025-06-20 06:00:57.681000+00:00,131.31,A,,,INR,2025-04-02 00:00:00+00:00,2025-04-02 00:00:00+00:00,,,FOR,Lake David,Z001,,1,2025-04-02 00:00:00+00:00,PC,1
740589,50,TAN,S8907367023142,1,PC,INR,0.0,ZFG1001,1302,5070,61,,OR,ABCD,11,99,,,320000107,2025-04-02 00:00:00+00:00,USER737,2025-06-20 06:00:57.681000+00:00,131.31,A,,,INR,2025-04-02 00:00:00+00:00,2025-04-02 00:00:00+00:00,,,FOR,Lake David,Z001,,1,2025-04-02 00:00:00+00:00,PC,1
740590,10,TAN,S8907367042006,1,PC,INR,464.41,ZFG1001,WB05,5031,,,OR,ABCD,11,99,,,320000083,2025-04-02 00:00:00+00:00,USER737,2025-04-02 04:46:03.631000+00:00,464.41,C,,,INR,2025-04-02 00:00:00+00:00,2025-04-02 00:00:00+00:00,,,FOR,Lake David,Z001,,1,2025-04-02 00:00:00+00:00,PC,1
740591,10,TAN,B8907367028406,1,PC,INR,303.39,ZFG1001,TM05,5099,61,,OR,ABCD,11,99,,,320000108,2025-04-02 00:00:00+00:00,USER737,2025-06-20 06:00:58.394000+00:00,303.39,A,,,INR,2025-04-02 00:00:00+00:00,2025-04-02 00:00:00+00:00,,,FOR,Lake David,Z001,,1,2025-04-02 00:00:00+00:00,PC,1
740591,20,TAN,S8907367020790,1,PC,INR,0.0,ZFG1001,TM05,5099,61,,OR,ABCD,11,99,,,320000108,2025-04-02 00:00:00+00:00,USER737,2025-06-20 06:00:58.394000+00:00,303.39,A,,,INR,2025-04-02 00:00:00+00:00,2025-04-02 00:00:00+00:00,,,FOR,Lake David,Z001,,1,2025-04-02 00:00:00+00:00,PC,1
740591,30,TAN,S8907367010814,1,PC,INR,0.0,ZFG1001,TM05,5099,61,,OR,ABCD,11,99,,,320000108,2025-04-02 00:00:00+00:00,USER737,2025-06-20 06:00:58.394000+00:00,303.39,A,,,INR,2025-04-02 00:00:00+00:00,2025-04-02 00:00:00+00:00,,,FOR,Lake David,Z001,,1,2025-04-02 00:00:00+00:00,PC,1
740592,10,TAN,S8907367020035,1,PC,INR,634.75,ZFG1001,WB05,5031,,,OR,ABCD,11,99,,,320000083,2025-04-02 00:00:00+00:00,USER737,2025-04-02 04:46:07.543000+00:00,634.75,C,,,INR,2025-04-02 00:00:00+00:00,2025-04-02 00:00:00+00:00,,,FOR,Lake David,Z001,,1,2025-04-02 00:00:00+00:00,PC,1
740593,10,TAN,S8907367035664,1,PC,INR,422.04,ZFG1001,1302,5070,61,,OR,ABCD,11,99,,,320000107,2025-04-02 00:00:00+00:00,USER737,2025-06-20 06:00:58.380000+00:00,422.04,A,,,INR,2025-04-02 00:00:00+00:00,2025-04-02 00:00:00+00:00,,,FOR,Lake David,Z001,,1,2025-04-02 00:00:00+00:00,PC,1
740594,10,TAN,S8907367010814,1,PC,INR,337.29,ZFG1001,TM05,5099,61,,OR,ABCD,11,99,,,320000108,2025-04-02 00:00:00+00:00,USER737,2025-06-20 06:00:58.518000+00:00,337.29,A,,,INR,2025-04-02 00:00:00+00:00,2025-04-02 00:00:00+00:00,,,FOR,Lake David,Z001,,1,2025-04-02 00:00:00+00:00,PC,1
740595,10,TAN,S8907367002512,1,PC,INR,215.25,ZFG1001,WB05,5031,,,OR,ABCD,11,99,,,320000083,2025-04-02 00:00:00+00:00,USER737,2025-04-02 04:46:11.069000+00:00,215.25,C,,,INR,2025-04-02 00:00:00+00:00,2025-04-02 00:00:00+00:00,,,FOR,Lake David,Z001,,1,2025-04-02 00:00:00+00:00,PC,1
740596,10,TAN,S8907367001003,1,PC,INR,202.54,ZFG1001,TM05,5099,61,,OR,ABCD,11,99,,,320000108,2025-04-02 00:00:00+00:00,USER737,2025-06-20 06:00:58.679000+00:00,202.54,A,,,INR,2025-04-02 00:00:00+00:00,2025-04-02 00:00:00+00:00,,,FOR,Lake David,Z001,,1,2025-04-02 00:00:00+00:00,PC,1
740597,10,TAN,S8907367020790,1,PC,INR,118.64,ZFG1001,1302,5070,61,,OR,ABCD,11,99,,,320000107,2025-04-02 00:00:00+00:00,USER737,2025-06-20 06:00:59.326000+00:00,118.64,A,,,INR,2025-04-02 00:00:00+00:00,2025-04-02 00:00:00+00:00,,,FOR,Lake David,Z001,,1,2025-04-02 00:00:00+00:00,PC,1
740598,10,TAN,B8907367041603,1,PC,INR,533.05,ZFG1001,WB05,5031,,,OR,ABCD,11,99,,,320000083,2025-04-02 00:00:00+00:00,USER737,2025-04-02 04:46:15.296000+00:00,533.05,C,,,INR,2025-04-02 00:00:00+00:00,2025-04-02 00:00:00+00:00,,,FOR,Lake David,Z001,,1,2025-04-02 00:00:00+00:00,PC,1
740598,20,TAN,S8907367016144,1,PC,INR,0.0,ZFG1001,WB05,5031,,,OR,ABCD,11,99,,,320000083,2025-04-02 00:00:00+00:00,USER737,2025-04-02 04:46:15.296000+00:00,533.05,C,,,INR,2025-04-02 00:00:00+00:00,2025-04-02 00:00:00+00:00,,,FOR,Lake David,Z001,,1,2025-04-02 00:00:00+00:00,PC,1
740598,30,TAN,S8907367029021,1,PC,INR,0.0,ZFG1001,WB05,5031,,,OR,ABCD,11,99,,,320000083,2025-04-02 00:00:00+00:00,USER737,2025-04-02 04:46:15.296000+00:00,533.05,C,,,INR,2025-04-02 00:00:00+00:00,2025-04-02 00:00:00+00:00,,,FOR,Lake David,Z001,,1,2025-04-02 00:00:00+00:00,PC,1
740598,40,TAN,S8907367010814,1,PC,INR,0.0,ZFG1001,WB05,5031,,,OR,ABCD,11,99,,,320000083,2025-04-02 00:00:00+00:00,USER737,2025-04-02 04:46:15.296000+00:00,533.05,C,,,INR,2025-04-02 00:00:00+00:00,2025-04-02 00:00:00+00:00,,,FOR,Lake David,Z001,,1,2025-04-02 00:00:00+00:00,PC,1
740599,10,TAN,B8907367022787,1,PC,INR,202.56,ZFG1001,TM05,5099,61,,OR,ABCD,11,99,,,320000108,2025-04-02 00:00:00+00:00,USER737,2025-06-20 06:00:59.314000+00:00,202.56,A,,,INR,2025-04-02 00:00:00+00:00,2025-04-02 00:00:00+00:00,,,FOR,Lake David,Z001,,1,2025-04-02 00:00:00+00:00,PC,1
740599,20,TAN,S8907367020783,1,PC,INR,0.0,ZFG1001,TM05,5099,61,,OR,ABCD,11,99,,,320000108,2025-04-02 00:00:00+00:00,USER737,2025-06-20 06:00:59.314000+00:00,202.56,A,,,INR,2025-04-02 00:00:00+00:00,2025-04-02 00:00:00+00:00,,,FOR,Lake David,Z001,,1,2025-04-02 00:00:00+00:00,PC,1
740599,30,TAN,S8907367020790,1,PC,INR,0.0,ZFG1001,TM05,5099,61,,OR,ABCD,11,99,,,320000108,2025-04-02 00:00:00+00:00,USER737,2025-06-20 06:00:59.314000+00:00,202.56,A,,,INR,2025-04-02 00:00:00+00:00,2025-04-02 00:00:00+00:00,,,FOR,Lake David,Z001,,1,2025-04-02 00:00:00+00:00,PC,1
740600,10,TAN,S8907367028659,1,PC,INR,169.49,ZFG1001,1302,5070,61,,OR,ABCD,11,99,,,320000107,2025-04-02 00:00:00+00:00,USER737,2025-06-20 06:00:59.520000+00:00,169.49,A,,,INR,2025-04-02 00:00:00+00:00,2025-04-02 00:00:00+00:00,,,FOR,Lake David,Z001,,1,2025-04-02 00:00:00+00:00,PC,1
740601,10,TAN,S8907367042006,1,PC,INR,464.41,ZFG1001,WB05,5031,,,OR,ABCD,11,99,,,320000083,2025-04-02 00:00:00+00:00,USER737,2025-04-02 04:46:19.372000+00:00,464.41,C,,,INR,2025-04-02 00:00:00+00:00,2025-04-02 00:00:00+00:00,,,FOR,Lake David,Z001,,1,2025-04-02 00:00:00+00:00,PC,1
740602,10,TAN,B8907367024125,1,PC,INR,131.38,ZFG1001,1302,5070,61,,OR,ABCD,11,99,,,320000107,2025-04-02 00:00:00+00:00,USER737,2025-06-20 06:00:59.668000+00:00,131.38,A,,,INR,2025-04-02 00:00:00+00:00,2025-04-02 00:00:00+00:00,,,FOR,Lake David,Z001,,1,2025-04-02 00:00:00+00:00,PC,1
740602,20,TAN,S8907367023128,1,PC,INR,0.0,ZFG1001,1302,5070,61,,OR,ABCD,11,99,,,320000107,2025-04-02 00:00:00+00:00,USER737,2025-06-20 06:00:59.668000+00:00,131.38,A,,,INR,2025-04-02 00:00:00+00:00,2025-04-02 00:00:00+00:00,,,FOR,Lake David,Z001,,1,2025-04-02 00:00:00+00:00,PC,1
740602,30,TAN,S8907367023159,1,PC,INR,0.0,ZFG1001,1302,5070,61,,OR,ABCD,11,99,,,320000107,2025-04-02 00:00:00+00:00,USER737,2025-06-20 06:00:59.668000+00:00,131.38,A,,,INR,2025-04-02 00:00:00+00:00,2025-04-02 00:00:00+00:00,,,FOR,Lake David,Z001,,1,2025-04-02 00:00:00+00:00,PC,1
740602,40,TAN,S8907367023142,1,PC,INR,0.0,ZFG1001,1302,5070,61,,OR,ABCD,11,99,,,320000107,2025-04-02 00:00:00+00:00,USER737,2025-06-20 06:00:59.668000+00:00,131.38,A,,,INR,2025-04-02 00:00:00+00:00,2025-04-02 00:00:00+00:00,,,FOR,Lake David,Z001,,1,2025-04-02 00:00:00+00:00,PC,1
740602,50,TAN,S8907367023135,1,PC,INR,0.0,ZFG1001,1302,5070,61,,OR,ABCD,11,99,,,320000107,2025-04-02 00:00:00+00:00,USER737,2025-06-20 06:00:59.668000+00:00,131.38,A,,,INR,2025-04-02 00:00:00+00:00,2025-04-02 00:00:00+00:00,,,FOR,Lake David,Z001,,1,2025-04-02 00:00:00+00:00,PC,1
740603,10,TAN,S8907367013587,1,PC,INR,133.9,ZFG1001,TM05,5099,61,,OR,ABCD,11,99,,,320000108,2025-04-02 00:00:00+00:00,USER737,2025-06-20 06:01:01.568000+00:00,133.9,A,,,INR,2025-04-02 00:00:00+00:00,2025-04-02 00:00:00+00:00,,,FOR,Lake David,Z001,,1,2025-04-02 00:00:00+00:00,PC,1
740604,10,TAN,B8907367039570,1,PC,INR,1091.53,ZFG1001,WB05,5031,,,OR,ABCD,11,99,,,320000083,2025-04-02 00:00:00+00:00,USER737,2025-04-02 04:46:25.151000+00:00,1091.53,C,,,INR,2025-04-02 00:00:00+00:00,2025-04-02 00:00:00+00:00,,,FOR,Lake David,Z001,,1,2025-04-02 00:00:00+00:00,PC,1
740604,20,TAN,S8907367015277,1,PC,INR,0.0,ZFG1001,WB05,5031,,,OR,ABCD,11,99,,,320000083,2025-04-02 00:00:00+00:00,USER737,2025-04-02 04:46:25.151000+00:00,1091.53,C,,,INR,2025-04-02 00:00:00+00:00,2025-04-02 00:00:00+00:00,,,FOR,Lake David,Z001,,1,2025-04-02 00:00:00+00:00,PC,1
740604,30,TAN,S8907367020035,1,PC,INR,0.0,ZFG1001,WB05,5031,,,OR,ABCD,11,99,,,320000083,2025-04-02 00:00:00+00:00,USER737,2025-04-02 04:46:25.151000+00:00,1091.53,C,,,INR,2025-04-02 00:00:00+00:00,2025-04-02 00:00:00+00:00,,,FOR,Lake David,Z001,,1,2025-04-02 00:00:00+00:00,PC,1
740604,40,TAN,S8907367020042,1,PC,INR,0.0,ZFG1001,WB05,5031,,,OR,ABCD,11,99,,,320000083,2025-04-02 00:00:00+00:00,USER737,2025-04-02 04:46:25.151000+00:00,1091.53,C,,,INR,2025-04-02 00:00:00+00:00,2025-04-02 00:00:00+00:00,,,FOR,Lake David,Z001,,1,2025-04-02 00:00:00+00:00,PC,1
740605,10,TAN,B8907367037859,1,PC,INR,435.57,ZFG1001,1302,5070,61,,OR,ABCD,11,99,,,320000107,2025-04-02 00:00:00+00:00,USER737,2025-06-20 06:01:00.267000+00:00,435.57,A,,,INR,2025-04-02 00:00:00+00:00,2025-04-02 00:00:00+00:00,,,FOR,Lake David,Z001,,1,2025-04-02 00:00:00+00:00,PC,1
740605,20,TAN,S8907367035992,1,PC,INR,0.0,ZFG1001,1302,5070,61,,OR,ABCD,11,99,,,320000107,2025-04-02 00:00:00+00:00,USER737,2025-06-20 06:01:00.267000+00:00,435.57,A,,,INR,2025-04-02 00:00:00+00:00,2025-04-02 00:00:00+00:00,,,FOR,Lake David,Z001,,1,2025-04-02 00:00:00+00:00,PC,1
740605,30,TAN,S8907367035978,1,PC,INR,0.0,ZFG1001,1302,5070,61,,OR,ABCD,11,99,,,320000107,2025-04-02 00:00:00+00:00,USER737,2025-06-20 06:01:00.267000+00:00,435.57,A,,,INR,2025-04-02 00:00:00+00:00,2025-04-02 00:00:00+00:00,,,FOR,Lake David,Z001,,1,2025-04-02 00:00:00+00:00,PC,1
740605,40,TAN,S8907367035985,1,PC,INR,0.0,ZFG1001,1302,5070,61,,OR,ABCD,11,99,,,320000107,2025-04-02 00:00:00+00:00,USER737,2025-06-20 06:01:00.267000+00:00,435.57,A,,,INR,2025-04-02 00:00:00+00:00,2025-04-02 00:00:00+00:00,,,FOR,Lake David,Z001,,1,2025-04-02 00:00:00+00:00,PC,1
740605,50,TAN,S8907367035961,1,PC,INR,0.0,ZFG1001,1302,5070,61,,OR,ABCD,11,99,,,320000107,2025-04-02 00:00:00+00:00,USER737,2025-06-20 06:01:00.267000+00:00,435.57,A,,,INR,2025-04-02 00:00:00+00:00,2025-04-02 00:00:00+00:00,,,FOR,Lake David,Z001,,1,2025-04-02 00:00:00+00:00,PC,1
